2026-04-12	2604.08037
2026-04-12	2604.08046
2026-04-12	2604.08048
2026-04-12	2604.08064
2026-04-12	2604.08075
2026-04-12	2604.08079
2026-04-12	2604.08120
2026-04-12	2604.08121
2026-04-12	2604.08123
2026-04-12	2604.08138
2026-04-12	2604.08140
2026-04-12	2604.08181
2026-04-12	2604.08224
2026-04-12	2604.08291
2026-04-12	2604.08298
2026-04-12	2604.08302
2026-04-12	2604.08304
2026-04-12	2604.08340
2026-04-12	2604.08357
2026-04-12	2604.08358
2026-04-12	2604.08364
2026-04-12	2604.08374
2026-04-12	2604.08398
2026-04-12	2604.08412
2026-04-12	2604.08423
2026-04-12	2604.08425
2026-04-12	2604.08434
2026-04-12	2604.08438
2026-04-12	2604.08448
2026-04-12	2604.08451
2026-04-12	2604.08456
2026-04-12	2604.08468
2026-04-12	2604.08474
2026-04-12	2604.08476
2026-04-12	2604.08501
2026-04-12	2604.08503
2026-04-12	2604.08504
2026-04-12	2604.08509
2026-04-12	2604.08510
2026-04-12	2604.08516
2026-04-12	2604.08519
2026-04-12	2604.08524
2026-04-12	2604.08535
2026-04-12	2604.08536
2026-04-12	2604.08538
2026-04-12	2604.08539
2026-04-12	2604.08540
2026-04-12	2604.08541
2026-04-12	2604.08543
2026-04-12	2604.08544
2026-04-12	2604.08545
2026-04-12	2604.08546
2026-04-12	2604.08547
2026-04-12	2604.08548
2026-04-13	2604.08037
2026-04-13	2604.08046
2026-04-13	2604.08048
2026-04-13	2604.08075
2026-04-13	2604.08079
2026-04-13	2604.08121
2026-04-13	2604.08123
2026-04-13	2604.08138
2026-04-13	2604.08140
2026-04-13	2604.08181
2026-04-13	2604.08291
2026-04-13	2604.08302
2026-04-13	2604.08304
2026-04-13	2604.08326
2026-04-13	2604.08333
2026-04-13	2604.08357
2026-04-13	2604.08358
2026-04-13	2604.08364
2026-04-13	2604.08374
2026-04-13	2604.08395
2026-04-13	2604.08398
2026-04-13	2604.08412
2026-04-13	2604.08423
2026-04-13	2604.08425
2026-04-13	2604.08434
2026-04-13	2604.08438
2026-04-13	2604.08448
2026-04-13	2604.08451
2026-04-13	2604.08456
2026-04-13	2604.08468
2026-04-13	2604.08474
2026-04-13	2604.08476
2026-04-13	2604.08495
2026-04-13	2604.08501
2026-04-13	2604.08503
2026-04-13	2604.08504
2026-04-13	2604.08509
2026-04-13	2604.08510
2026-04-13	2604.08516
2026-04-13	2604.08519
2026-04-13	2604.08524
2026-04-13	2604.08526
2026-04-13	2604.08536
2026-04-13	2604.08538
2026-04-13	2604.08539
2026-04-13	2604.08540
2026-04-13	2604.08541
2026-04-13	2604.08543
2026-04-13	2604.08544
2026-04-13	2604.08545
2026-04-13	2604.08546
2026-04-13	2604.08547
2026-04-13	2604.08548
2026-04-14	2604.09057
2026-04-14	2604.09076
2026-04-14	2604.09107
2026-04-14	2604.09114
2026-04-14	2604.09130
2026-04-14	2604.09155
2026-04-14	2604.09168
2026-04-14	2604.09173
2026-04-14	2604.09174
2026-04-14	2604.09181
2026-04-14	2604.09195
2026-04-14	2604.09200
2026-04-14	2604.09201
2026-04-14	2604.09213
2026-04-14	2604.09222
2026-04-14	2604.09227
2026-04-14	2604.09237
2026-04-14	2604.09249
2026-04-14	2604.09265
2026-04-14	2604.09276
2026-04-14	2604.09280
2026-04-14	2604.09309
2026-04-14	2604.09330
2026-04-14	2604.09364
2026-04-14	2604.09386
2026-04-14	2604.09405
2026-04-14	2604.09408
2026-04-14	2604.09415
2026-04-14	2604.09419
2026-04-14	2604.09426
2026-04-14	2604.09429
2026-04-14	2604.09434
2026-04-14	2604.09436
2026-04-14	2604.09445
2026-04-14	2604.09450
2026-04-14	2604.09459
2026-04-14	2604.09470
2026-04-14	2604.09473
2026-04-14	2604.09474
2026-04-14	2604.09480
2026-04-14	2604.09482
2026-04-14	2604.09489
2026-04-14	2604.09492
2026-04-14	2604.09494
2026-04-14	2604.09497
2026-04-14	2604.09511
2026-04-14	2604.09514
2026-04-14	2604.09517
2026-04-14	2604.09521
2026-04-14	2604.09523
2026-04-14	2604.09527
2026-04-14	2604.09529
2026-04-14	2604.09537
2026-04-14	2604.09541
2026-04-14	2604.09543
2026-04-14	2604.09544
2026-04-14	2604.09547
2026-04-15	2604.12481
2026-04-15	2604.12525
2026-04-15	2604.12551
2026-04-15	2604.12559
2026-04-15	2604.12565
2026-04-15	2604.12575
2026-04-15	2604.12599
2026-04-15	2604.12610
2026-04-15	2604.12616
2026-04-15	2604.12617
2026-04-15	2604.12630
2026-04-15	2604.12652
2026-04-15	2604.12666
2026-04-15	2604.12668
2026-04-15	2604.12673
2026-04-15	2604.12700
2026-04-15	2604.12715
2026-04-15	2604.12748
2026-04-15	2604.12762
2026-04-15	2604.12766
2026-04-15	2604.12768
2026-04-15	2604.12770
2026-04-15	2604.12803
2026-04-15	2604.12827
2026-04-15	2604.12856
2026-04-15	2604.12865
2026-04-15	2604.12887
2026-04-15	2604.12890
2026-04-15	2604.12896
2026-04-15	2604.12898
2026-04-15	2604.12902
2026-04-15	2604.12904
2026-04-15	2604.12911
2026-04-15	2604.12919
2026-04-15	2604.12923
2026-04-15	2604.12928
2026-04-15	2604.12933
2026-04-15	2604.12941
2026-04-15	2604.12946
2026-04-15	2604.12948
2026-04-15	2604.12951
2026-04-15	2604.12952
2026-04-15	2604.12965
2026-04-15	2604.12967
2026-04-15	2604.12969
2026-04-15	2604.12973
2026-04-15	2604.13006
2026-04-15	2604.13010
2026-04-15	2604.13016
2026-04-15	2604.13018
2026-04-15	2604.13023
2026-04-15	2604.13024
2026-04-15	2604.13028
2026-04-15	2604.13030
2026-04-15	2604.13034
2026-04-15	2604.13036
2026-04-16	2604.12461
2026-04-16	2604.12474
2026-04-16	2604.12477
2026-04-16	2604.12491
2026-04-16	2604.12497
2026-04-16	2604.12498
2026-04-16	2604.12503
2026-04-16	2604.12506
2026-04-16	2604.12508
2026-04-16	2604.12509
2026-04-16	2604.12537
2026-04-16	2604.12573
2026-04-16	2604.12582
2026-04-16	2604.12596
2026-04-16	2604.12626
2026-04-16	2604.12632
2026-04-16	2604.12633
2026-04-16	2604.12647
2026-04-16	2604.12648
2026-04-16	2604.12650
2026-04-16	2604.12659
2026-04-16	2604.12663
2026-04-16	2604.12683
2026-04-16	2604.12709
2026-04-16	2604.12717
2026-04-16	2604.12725
2026-04-16	2604.12735
2026-04-16	2604.12737
2026-04-16	2604.12767
2026-04-16	2604.12772
2026-04-16	2604.12776
2026-04-16	2604.12778
2026-04-16	2604.12781
2026-04-16	2604.12782
2026-04-16	2604.12798
2026-04-17	2604.14790
2026-04-17	2604.14799
2026-04-17	2604.14806
2026-04-17	2604.14825
2026-04-17	2604.14833
2026-04-17	2604.14843
2026-04-17	2604.14853
2026-04-17	2604.14866
2026-04-17	2604.14878
2026-04-17	2604.14888
2026-04-17	2604.14895
2026-04-17	2604.14910
2026-04-17	2604.14934
2026-04-17	2604.14951
2026-04-17	2604.14953
2026-04-17	2604.14967
2026-04-17	2604.14989
2026-04-17	2604.15001
2026-04-17	2604.15003
2026-04-17	2604.15033
2026-04-17	2604.15039
2026-04-17	2604.15047
2026-04-17	2604.15082
2026-04-17	2604.15086
2026-04-17	2604.15088
2026-04-17	2604.15093
2026-04-17	2604.15096
2026-04-17	2604.15101
2026-04-17	2604.15115
2026-04-17	2604.15127
2026-04-17	2604.15128
2026-04-17	2604.15134
2026-04-17	2604.15145
2026-04-17	2604.15149
2026-04-17	2604.15167
2026-04-17	2604.15171
2026-04-17	2604.15180
2026-04-17	2604.15186
2026-04-17	2604.15188
2026-04-17	2604.15203
2026-04-17	2604.15210
2026-04-17	2604.15214
2026-04-17	2604.15224
2026-04-17	2604.15231
2026-04-17	2604.15238
2026-04-17	2604.15239
2026-04-17	2604.15259
2026-04-17	2604.15267
2026-04-17	2604.15299
2026-04-17	2604.15310
2026-04-17	2604.15311
2026-04-18	2604.14779
2026-04-18	2604.14785
2026-04-18	2604.14786
2026-04-18	2604.14787
2026-04-18	2604.14829
2026-04-18	2604.14839
2026-04-18	2604.14865
2026-04-18	2604.14877
2026-04-18	2604.14886
2026-04-18	2604.14892
2026-04-18	2604.14920
2026-04-18	2604.14927
2026-04-18	2604.14932
2026-04-18	2604.14941
2026-04-18	2604.14944
2026-04-18	2604.14969
2026-04-18	2604.14970
2026-04-18	2604.14972
2026-04-18	2604.14980
2026-04-18	2604.14993
2026-04-18	2604.15009
2026-04-18	2604.15027
2026-04-18	2604.15069
2026-04-18	2604.15075
2026-04-18	2604.15124
2026-04-18	2604.15140
2026-04-18	2604.15166
2026-04-18	2604.15190
2026-04-18	2604.15237
2026-04-18	2604.15244
2026-04-18	2604.15269
2026-04-18	2604.15271
2026-04-18	2604.15272
2026-04-18	2604.15279
2026-04-18	2604.15280
2026-04-18	2604.15281
2026-04-18	2604.15301
2026-04-19	2604.14773
2026-04-19	2604.14782
2026-04-19	2604.14800
2026-04-19	2604.14808
2026-04-19	2604.14847
2026-04-19	2604.14856
2026-04-19	2604.14907
2026-04-19	2604.14987
2026-04-19	2604.14991
2026-04-19	2604.15010
2026-04-19	2604.15016
2026-04-19	2604.15063
2026-04-19	2604.15090
2026-04-19	2604.15173
2026-04-19	2604.15181
2026-04-19	2604.15201
2026-04-19	2604.15222
2026-04-19	2604.15233
2026-04-19	2604.15236
2026-04-19	2604.15284
2026-04-19	2604.15294
2026-04-19	2604.15302
2026-04-19	2604.15306
2026-04-19	2604.15308
2026-04-19	2604.15309
2026-04-19	2604.15312
2026-04-20	2604.14788
2026-04-20	2604.14838
2026-04-20	2604.14860
2026-04-20	2604.14879
2026-04-20	2604.14889
2026-04-20	2604.14898
2026-04-20	2604.14914
2026-04-20	2604.14922
2026-04-20	2604.14928
2026-04-20	2604.14956
2026-04-20	2604.14973
2026-04-20	2604.15022
2026-04-20	2604.15034
2026-04-20	2604.15037
2026-04-20	2604.15059
2026-04-20	2604.15065
2026-04-20	2604.15078
2026-04-20	2604.15097
2026-04-20	2604.15107
2026-04-20	2604.15109
2026-04-20	2604.15739
2026-04-20	2604.15750
2026-04-20	2604.15751
2026-04-20	2604.15760
2026-04-20	2604.15762
2026-04-20	2604.15768
2026-04-20	2604.15769
2026-04-20	2604.15771
2026-04-20	2604.15776
2026-04-20	2604.15779
2026-04-20	2604.15802
2026-04-20	2604.15804
2026-04-20	2604.15808
2026-04-20	2604.15821
2026-04-20	2604.15827
2026-04-20	2604.15829
2026-04-20	2604.15839
2026-04-20	2604.15866
2026-04-20	2604.15877
2026-04-20	2604.15911
2026-04-20	2604.15937
2026-04-20	2604.15945
2026-04-20	2604.15948
2026-04-20	2604.15967
2026-04-20	2604.15990
2026-04-20	2604.15994
2026-04-20	2604.16004
2026-04-20	2604.16021
2026-04-20	2604.16044
2026-04-20	2604.16054
2026-04-20	2604.16056
2026-04-20	2604.16060
2026-04-20	2604.16067
2026-04-20	2604.16070
2026-04-20	2604.16075
2026-04-20	2604.16079
2026-04-20	2604.16086
2026-04-20	2604.16097
2026-04-20	2604.16112
2026-04-20	2604.16116
2026-04-20	2604.16121
2026-04-20	2604.16170
2026-04-20	2604.16172
2026-04-20	2604.16175
2026-04-20	2604.16201
2026-04-20	2604.16205
2026-04-20	2604.16238
2026-04-20	2604.16242
2026-04-20	2604.16256
2026-04-20	2604.16272
2026-04-20	2604.16275
2026-04-20	2604.16282
2026-04-21	2604.15732
2026-04-21	2604.15735
2026-04-21	2604.15764
2026-04-21	2604.15774
2026-04-21	2604.15788
2026-04-21	2604.15823
2026-04-21	2604.15840
2026-04-21	2604.15847
2026-04-21	2604.15862
2026-04-21	2604.15871
2026-04-21	2604.15875
2026-04-21	2604.15882
2026-04-21	2604.15893
2026-04-21	2604.15916
2026-04-21	2604.15917
2026-04-21	2604.15958
2026-04-21	2604.15972
2026-04-21	2604.15979
2026-04-21	2604.15998
2026-04-21	2604.16009
2026-04-21	2604.16015
2026-04-21	2604.16022
2026-04-21	2604.16027
2026-04-21	2604.16052
2026-04-21	2604.16053
2026-04-21	2604.16081
2026-04-21	2604.16090
2026-04-21	2604.16099
2026-04-21	2604.16111
2026-04-21	2604.16115
2026-04-21	2604.16145
2026-04-21	2604.16197
2026-04-21	2604.16214
2026-04-21	2604.16235
2026-04-21	2604.16241
2026-04-21	2604.16243
2026-04-21	2604.16247
2026-04-21	2604.16264
2026-04-21	2604.16279
2026-04-21	2604.16286
2026-04-21	2604.16298
2026-04-21	2604.16299
2026-04-22	2604.18117
2026-04-22	2604.18120
2026-04-22	2604.18122
2026-04-22	2604.18145
2026-04-22	2604.18164
2026-04-22	2604.18167
2026-04-22	2604.18168
2026-04-22	2604.18179
2026-04-22	2604.18187
2026-04-22	2604.18194
2026-04-22	2604.18203
2026-04-22	2604.18215
2026-04-22	2604.18237
2026-04-22	2604.18249
2026-04-22	2604.18258
2026-04-22	2604.18267
2026-04-22	2604.18274
2026-04-22	2604.18276
2026-04-22	2604.18311
2026-04-22	2604.18320
2026-04-22	2604.18326
2026-04-22	2604.18348
2026-04-22	2604.18351
2026-04-22	2604.18364
2026-04-22	2604.18367
2026-04-22	2604.18373
2026-04-22	2604.18375
2026-04-22	2604.18376
2026-04-22	2604.18418
2026-04-22	2604.18423
2026-04-22	2604.18424
2026-04-22	2604.18450
2026-04-22	2604.18459
2026-04-22	2604.18463
2026-04-22	2604.18467
2026-04-22	2604.18468
2026-04-22	2604.18471
2026-04-22	2604.18478
2026-04-22	2604.18481
2026-04-22	2604.18484
2026-04-22	2604.18486
2026-04-22	2604.18490
2026-04-22	2604.18491
2026-04-22	2604.18507
2026-04-22	2604.18508
2026-04-22	2604.18510
2026-04-22	2604.18512
2026-04-22	2604.18518
2026-04-22	2604.18529
2026-04-22	2604.18537
2026-04-22	2604.18543
2026-04-22	2604.18547
2026-04-22	2604.18556
2026-04-22	2604.18564
2026-04-22	2604.18570
2026-04-22	2604.18575
2026-04-23	2604.19269
2026-04-23	2604.19275
2026-04-23	2604.19286
2026-04-23	2604.19292
2026-04-23	2604.19300
2026-04-23	2604.19337
2026-04-23	2604.19341
2026-04-23	2604.19363
2026-04-23	2604.19383
2026-04-23	2604.19386
2026-04-23	2604.19405
2026-04-23	2604.19412
2026-04-23	2604.19431
2026-04-23	2604.19440
2026-04-23	2604.19444
2026-04-23	2604.19457
2026-04-23	2604.19473
2026-04-23	2604.19485
2026-04-23	2604.19494
2026-04-23	2604.19502
2026-04-23	2604.19509
2026-04-23	2604.19514
2026-04-23	2604.19516
2026-04-23	2604.19541
2026-04-23	2604.19550
2026-04-23	2604.19567
2026-04-23	2604.19592
2026-04-23	2604.19606
2026-04-23	2604.19636
2026-04-23	2604.19642
2026-04-23	2604.19654
2026-04-23	2604.19657
2026-04-23	2604.19663
2026-04-23	2604.19664
2026-04-23	2604.19670
2026-04-23	2604.19673
2026-04-23	2604.19677
2026-04-23	2604.19679
2026-04-23	2604.19685
2026-04-23	2604.19699
2026-04-23	2604.19702
2026-04-23	2604.19710
2026-04-23	2604.19712
2026-04-23	2604.19716
2026-04-23	2604.19720
2026-04-23	2604.19724
2026-04-23	2604.19730
2026-04-23	2604.19734
2026-04-23	2604.19736
2026-04-23	2604.19740
2026-04-23	2604.19741
2026-04-23	2604.19747
2026-04-23	2604.19748
2026-04-24	2604.20289
2026-04-24	2604.20319
2026-04-24	2604.20350
2026-04-24	2604.20354
2026-04-24	2604.20382
2026-04-24	2604.20395
2026-04-24	2604.20401
2026-04-24	2604.20410
2026-04-24	2604.20421
2026-04-24	2604.20470
2026-04-24	2604.20486
2026-04-24	2604.20490
2026-04-24	2604.20496
2026-04-24	2604.20503
2026-04-24	2604.20535
2026-04-24	2604.20544
2026-04-24	2604.20570
2026-04-24	2604.20596
2026-04-24	2604.20598
2026-04-24	2604.20599
2026-04-24	2604.20639
2026-04-24	2604.20652
2026-04-24	2604.20658
2026-04-24	2604.20665
2026-04-24	2604.20682
2026-04-24	2604.20704
2026-04-24	2604.20711
2026-04-24	2604.20714
2026-04-24	2604.20720
2026-04-24	2604.20730
2026-04-24	2604.20732
2026-04-24	2604.20735
2026-04-24	2604.20744
2026-04-24	2604.20745
2026-04-24	2604.20755
2026-04-24	2604.20763
2026-04-24	2604.20779
2026-04-24	2604.20784
2026-04-24	2604.20789
2026-04-24	2604.20796
2026-04-24	2604.20797
2026-04-24	2604.20800
2026-04-24	2604.20816
2026-04-24	2604.20817
2026-04-24	2604.20819
2026-04-24	2604.20822
2026-04-24	2604.20824
2026-04-24	2604.20825
2026-04-24	2604.20841
2026-04-24	2604.20842
2026-04-25	2604.21346
2026-04-25	2604.21361
2026-04-25	2604.21362
2026-04-25	2604.21380
2026-04-25	2604.21395
2026-04-25	2604.21399
2026-04-25	2604.21409
2026-04-25	2604.21428
2026-04-25	2604.21481
2026-04-25	2604.21483
2026-04-25	2604.21495
2026-04-25	2604.21508
2026-04-25	2604.21511
2026-04-25	2604.21523
2026-04-25	2604.21536
2026-04-25	2604.21537
2026-04-25	2604.21564
2026-04-25	2604.21566
2026-04-25	2604.21593
2026-04-25	2604.21598
2026-04-25	2604.21611
2026-04-25	2604.21657
2026-04-25	2604.21668
2026-04-25	2604.21686
2026-04-25	2604.21689
2026-04-25	2604.21706
2026-04-25	2604.21750
2026-04-25	2604.21766
2026-04-25	2604.21776
2026-04-25	2604.21794
2026-04-25	2604.21809
2026-04-25	2604.21814
2026-04-25	2604.21836
2026-04-25	2604.21840
2026-04-25	2604.21873
2026-04-25	2604.21889
2026-04-25	2604.21890
2026-04-25	2604.21894
2026-04-25	2604.21897
2026-04-25	2604.21903
2026-04-25	2604.21909
2026-04-25	2604.21910
2026-04-25	2604.21911
2026-04-25	2604.21915
2026-04-25	2604.21916
2026-04-25	2604.21921
2026-04-25	2604.21923
2026-04-25	2604.21926
2026-04-25	2604.21930
2026-04-25	2604.21931
2026-04-26	2604.21375
2026-04-26	2604.21391
2026-04-26	2604.21396
2026-04-26	2604.21430
2026-04-26	2604.21444
2026-04-26	2604.21449
2026-04-26	2604.21453
2026-04-26	2604.21461
2026-04-26	2604.21465
2026-04-26	2604.21479
2026-04-26	2604.21480
2026-04-26	2604.21489
2026-04-26	2604.21517
2026-04-26	2604.21529
2026-04-26	2604.21575
2026-04-26	2604.21592
2026-04-26	2604.21631
2026-04-26	2604.21637
2026-04-26	2604.21645
2026-04-26	2604.21667
2026-04-26	2604.21681
2026-04-26	2604.21724
2026-04-26	2604.21728
2026-04-26	2604.21769
2026-04-26	2604.21782
2026-04-26	2604.21786
2026-04-26	2604.21787
2026-04-26	2604.21816
2026-04-26	2604.21827
2026-04-26	2604.21849
2026-04-26	2604.21854
2026-04-26	2604.21860
2026-04-26	2604.21863
2026-04-26	2604.21871
2026-04-26	2604.21882
2026-04-26	2604.21885
2026-04-26	2604.21905
2026-04-27	2604.21344
2026-04-27	2604.21352
2026-04-27	2604.21360
2026-04-27	2604.21414
2026-04-27	2604.21420
2026-04-27	2604.21446
2026-04-27	2604.21501
2026-04-27	2604.21525
2026-04-27	2604.21534
2026-04-27	2604.21579
2026-04-27	2604.21590
2026-04-27	2604.21595
2026-04-27	2604.21632
2026-04-27	2604.21677
2026-04-27	2604.21691
2026-04-27	2604.21700
2026-04-27	2604.21725
2026-04-27	2604.21748
2026-04-27	2604.21751
2026-04-27	2604.21764
2026-04-27	2604.21765
2026-04-27	2604.21772
2026-04-27	2604.21789
2026-04-27	2604.21801
2026-04-27	2604.21806
2026-04-27	2604.21810
2026-04-27	2604.21879
2026-04-27	2604.21904
2026-04-28	2604.22146
2026-04-28	2604.22153
2026-04-28	2604.22154
2026-04-28	2604.22169
2026-04-28	2604.22192
2026-04-28	2604.22195
2026-04-28	2604.22209
2026-04-28	2604.22212
2026-04-28	2604.22220
2026-04-28	2604.22227
2026-04-28	2604.22228
2026-04-28	2604.22235
2026-04-28	2604.22260
2026-04-28	2604.22269
2026-04-28	2604.22271
2026-04-28	2604.22294
2026-04-28	2604.22302
2026-04-28	2604.22333
2026-04-28	2604.22379
2026-04-28	2604.22409
2026-04-28	2604.22428
2026-04-28	2604.22430
2026-04-28	2604.22446
2026-04-28	2604.22498
2026-04-28	2604.22503
2026-04-28	2604.22504
2026-04-28	2604.22509
2026-04-28	2604.22520
2026-04-28	2604.22539
2026-04-28	2604.22549
2026-04-28	2604.22554
2026-04-28	2604.22562
2026-04-28	2604.22565
2026-04-28	2604.22586
2026-04-28	2604.22603
2026-04-28	2604.22627
2026-04-28	2604.22649
2026-04-28	2604.22657
2026-04-28	2604.22658
2026-04-28	2604.22662
2026-04-28	2604.22678
2026-04-28	2604.22693
2026-04-28	2604.22700
2026-04-28	2604.22709
2026-04-28	2604.22714
2026-04-28	2604.22722
2026-04-28	2604.22730
2026-04-28	2604.22739
2026-04-28	2604.22746
2026-04-28	2604.22748
2026-04-28	2604.22750
2026-04-28	2604.22753
2026-04-29	2604.24146
2026-04-29	2604.24191
2026-04-29	2604.24197
2026-04-29	2604.24219
2026-04-29	2604.24238
2026-04-29	2604.24312
2026-04-29	2604.24326
2026-04-29	2604.24328
2026-04-29	2604.24340
2026-04-29	2604.24351
2026-04-29	2604.24357
2026-04-29	2604.24374
2026-04-29	2604.24376
2026-04-29	2604.24401
2026-04-29	2604.24416
2026-04-29	2604.24459
2026-04-29	2604.24464
2026-04-29	2604.24468
2026-04-29	2604.24470
2026-04-29	2604.24472
2026-04-29	2604.24473
2026-04-29	2604.24479
2026-04-29	2604.24493
2026-04-29	2604.24506
2026-04-29	2604.24515
2026-04-29	2604.24548
2026-04-29	2604.24555
2026-04-29	2604.24559
2026-04-29	2604.24563
2026-04-29	2604.24572
2026-04-29	2604.24575
2026-04-29	2604.24583
2026-04-29	2604.24589
2026-04-29	2604.24608
2026-04-29	2604.24609
2026-04-29	2604.24622
2026-04-29	2604.24623
2026-04-29	2604.24625
2026-04-29	2604.24634
2026-04-29	2604.24645
2026-04-29	2604.24658
2026-04-29	2604.24665
2026-04-29	2604.24678
2026-04-29	2604.24697
2026-04-29	2604.24698
2026-04-29	2604.24700
2026-04-29	2604.24708
2026-04-29	2604.24710
2026-04-29	2604.24715
2026-04-29	2604.24717
2026-04-29	2604.24718
2026-04-29	2604.24749
2026-04-29	2604.24764
2026-04-30	2604.25289
2026-04-30	2604.25295
2026-04-30	2604.25299
2026-04-30	2604.25314
2026-04-30	2604.25349
2026-04-30	2604.25358
2026-04-30	2604.25361
2026-04-30	2604.25370
2026-04-30	2604.25371
2026-04-30	2604.25422
2026-04-30	2604.25423
2026-04-30	2604.25427
2026-04-30	2604.25455
2026-04-30	2604.25467
2026-04-30	2604.25477
2026-04-30	2604.25506
2026-04-30	2604.25530
2026-04-30	2604.25555
2026-04-30	2604.25580
2026-04-30	2604.25584
2026-04-30	2604.25605
2026-04-30	2604.25611
2026-04-30	2604.25612
2026-04-30	2604.25634
2026-04-30	2604.25636
2026-04-30	2604.25646
2026-04-30	2604.25655
2026-04-30	2604.25679
2026-04-30	2604.25683
2026-04-30	2604.25688
2026-04-30	2604.25693
2026-04-30	2604.25707
2026-04-30	2604.25720
2026-04-30	2604.25724
2026-04-30	2604.25777
2026-04-30	2604.25781
2026-04-30	2604.25800
2026-04-30	2604.25806
2026-04-30	2604.25809
2026-04-30	2604.25819
2026-04-30	2604.25834
2026-04-30	2604.25840
2026-04-30	2604.25847
2026-04-30	2604.25848
2026-04-30	2604.25850
2026-04-30	2604.25855
2026-04-30	2604.25860
2026-04-30	2604.25866
2026-04-30	2604.25886
2026-04-30	2604.25895
2026-04-30	2604.25897
2026-04-30	2604.25905
2026-04-30	2604.25907
2026-04-30	2604.25914
2026-04-30	2604.25917
2026-05-01	2604.26288
2026-05-01	2604.26294
2026-05-01	2604.26313
2026-05-01	2604.26334
2026-05-01	2604.26341
2026-05-01	2604.26365
2026-05-01	2604.26366
2026-05-01	2604.26379
2026-05-01	2604.26382
2026-05-01	2604.26419
2026-05-01	2604.26427
2026-05-01	2604.26453
2026-05-01	2604.26460
2026-05-01	2604.26483
2026-05-01	2604.26503
2026-05-01	2604.26508
2026-05-01	2604.26577
2026-05-01	2604.26604
2026-05-01	2604.26614
2026-05-01	2604.26619
2026-05-01	2604.26622
2026-05-01	2604.26630
2026-05-01	2604.26649
2026-05-01	2604.26653
2026-05-01	2604.26656
2026-05-01	2604.26666
2026-05-01	2604.26694
2026-05-01	2604.26703
2026-05-01	2604.26707
2026-05-01	2604.26760
2026-05-01	2604.26768
2026-05-01	2604.26772
2026-05-01	2604.26788
2026-05-01	2604.26805
2026-05-01	2604.26809
2026-05-01	2604.26821
2026-05-01	2604.26836
2026-05-01	2604.26837
2026-05-01	2604.26841
2026-05-01	2604.26866
2026-05-01	2604.26868
2026-05-01	2604.26881
2026-05-01	2604.26883
2026-05-01	2604.26893
2026-05-01	2604.26898
2026-05-01	2604.26917
2026-05-01	2604.26919
2026-05-01	2604.26920
2026-05-01	2604.26922
2026-05-01	2604.26923
2026-05-01	2604.26931
2026-05-03	2604.27691
2026-05-03	2604.27695
2026-05-03	2604.27712
2026-05-03	2604.27720
2026-05-03	2604.27724
2026-05-03	2604.27790
2026-05-03	2604.27820
2026-05-03	2604.27846
2026-05-03	2604.27852
2026-05-03	2604.27855
2026-05-03	2604.27861
2026-05-03	2604.27862
2026-05-03	2604.27878
2026-05-03	2604.27899
2026-05-03	2604.27906
2026-05-03	2604.27915
2026-05-03	2604.27918
2026-05-03	2604.27942
2026-05-03	2604.27960
2026-05-03	2604.27969
2026-05-03	2604.27975
2026-05-03	2604.28011
2026-05-03	2604.28017
2026-05-03	2604.28028
2026-05-03	2604.28034
2026-05-03	2604.28036
2026-05-03	2604.28039
2026-05-03	2604.28049
2026-05-03	2604.28059
2026-05-03	2604.28073
2026-05-03	2604.28078
2026-05-03	2604.28118
2026-05-03	2604.28119
2026-05-03	2604.28123
2026-05-03	2604.28129
2026-05-03	2604.28138
2026-05-03	2604.28142
2026-05-03	2604.28144
2026-05-03	2604.28147
2026-05-03	2604.28158
2026-05-03	2604.28169
2026-05-03	2604.28175
2026-05-03	2604.28179
2026-05-03	2604.28180
2026-05-03	2604.28182
2026-05-03	2604.28185
2026-05-03	2604.28190
2026-05-03	2604.28192
2026-05-03	2604.28193
2026-05-03	2604.28196
2026-05-03	2604.28197
2026-05-04	2604.27673
2026-05-04	2604.27674
2026-05-04	2604.27715
2026-05-04	2604.27742
2026-05-04	2604.27744
2026-05-04	2604.27747
2026-05-04	2604.27766
2026-05-04	2604.27819
2026-05-04	2604.27844
2026-05-04	2604.27850
2026-05-04	2604.27914
2026-05-04	2604.27920
2026-05-04	2604.27929
2026-05-04	2604.27932
2026-05-04	2604.27934
2026-05-04	2604.27953
2026-05-04	2604.27955
2026-05-04	2604.27958
2026-05-04	2604.27962
2026-05-04	2604.27974
2026-05-04	2604.27977
2026-05-04	2604.27979
2026-05-04	2604.27983
2026-05-04	2604.27998
2026-05-04	2604.28014
2026-05-04	2604.28020
2026-05-04	2604.28021
2026-05-04	2604.28022
2026-05-04	2604.28024
2026-05-04	2604.28025
2026-05-04	2604.28031
2026-05-04	2604.28048
2026-05-04	2604.28055
2026-05-04	2604.28075
2026-05-04	2604.28098
2026-05-04	2604.28102
2026-05-04	2604.28115
2026-05-04	2604.28130
2026-05-04	2604.28139
2026-05-04	2604.28159
2026-05-06	2605.02369
2026-05-06	2605.02374
2026-05-06	2605.02392
2026-05-06	2605.02398
2026-05-06	2605.02417
2026-05-06	2605.02439
2026-05-06	2605.02488
2026-05-06	2605.02509
2026-05-06	2605.02520
2026-05-06	2605.02525
2026-05-06	2605.02568
2026-05-06	2605.02583
2026-05-06	2605.02586
2026-05-06	2605.02600
2026-05-06	2605.02620
2026-05-06	2605.02629
2026-05-06	2605.02647
2026-05-06	2605.02661
2026-05-06	2605.02665
2026-05-06	2605.02672
2026-05-06	2605.02697
2026-05-06	2605.02703
2026-05-06	2605.02714
2026-05-06	2605.02715
2026-05-06	2605.02720
2026-05-06	2605.02727
2026-05-06	2605.02728
2026-05-06	2605.02730
2026-05-06	2605.02735
2026-05-06	2605.02740
2026-05-06	2605.02742
2026-05-06	2605.02744
2026-05-06	2605.02745
2026-05-06	2605.02752
2026-05-06	2605.02759
2026-05-06	2605.02761
2026-05-06	2605.02762
2026-05-06	2605.02767
2026-05-06	2605.02772
2026-05-06	2605.02777
2026-05-06	2605.02782
2026-05-06	2605.02787
2026-05-06	2605.02804
2026-05-06	2605.02819
2026-05-06	2605.02827
2026-05-06	2605.02829
2026-05-06	2605.02832
2026-05-06	2605.02834
2026-05-06	2605.02844
2026-05-06	2605.02849
2026-05-06	2605.02886
2026-05-06	2605.02888
2026-05-07	2605.03465
2026-05-07	2605.03472
2026-05-07	2605.03475
2026-05-07	2605.03482
2026-05-07	2605.03497
2026-05-07	2605.03499
2026-05-07	2605.03510
2026-05-07	2605.03534
2026-05-07	2605.03542
2026-05-07	2605.03544
2026-05-07	2605.03547
2026-05-07	2605.03561
2026-05-07	2605.03570
2026-05-07	2605.03573
2026-05-07	2605.03652
2026-05-07	2605.03680
2026-05-07	2605.03712
2026-05-07	2605.03716
2026-05-07	2605.03720
2026-05-07	2605.03743
2026-05-07	2605.03749
2026-05-07	2605.03750
2026-05-07	2605.03759
2026-05-07	2605.03762
2026-05-07	2605.03782
2026-05-07	2605.03789
2026-05-07	2605.03802
2026-05-07	2605.03816
2026-05-07	2605.03820
2026-05-07	2605.03821
2026-05-07	2605.03824
2026-05-07	2605.03830
2026-05-07	2605.03849
2026-05-07	2605.03861
2026-05-07	2605.03863
2026-05-07	2605.03870
2026-05-07	2605.03871
2026-05-07	2605.03877
2026-05-07	2605.03882
2026-05-07	2605.03903
2026-05-07	2605.03907
2026-05-07	2605.03909
2026-05-07	2605.03916
2026-05-07	2605.03927
2026-05-07	2605.03929
2026-05-07	2605.03952
2026-05-07	2605.03964
2026-05-07	2605.03969
2026-05-07	2605.03983
2026-05-07	2605.03984
2026-05-07	2605.03998
2026-05-07	2605.04003
2026-05-07	2605.04012
2026-05-07	2605.04018
2026-05-08	2605.04733
2026-05-08	2605.04747
2026-05-08	2605.04772
2026-05-08	2605.04777
2026-05-08	2605.04785
2026-05-08	2605.04808
2026-05-08	2605.04830
2026-05-08	2605.04837
2026-05-08	2605.04842
2026-05-08	2605.04857
2026-05-08	2605.04870
2026-05-08	2605.04873
2026-05-08	2605.04877
2026-05-08	2605.04895
2026-05-08	2605.04897
2026-05-08	2605.04908
2026-05-08	2605.04918
2026-05-08	2605.04926
2026-05-08	2605.04943
2026-05-08	2605.04949
2026-05-08	2605.04980
2026-05-08	2605.04997
2026-05-08	2605.05000
2026-05-08	2605.05026
2026-05-08	2605.05029
2026-05-08	2605.05031
2026-05-08	2605.05040
2026-05-08	2605.05049
2026-05-08	2605.05054
2026-05-08	2605.05058
2026-05-08	2605.05066
2026-05-08	2605.05071
2026-05-08	2605.05077
2026-05-08	2605.05079
2026-05-08	2605.05080
2026-05-08	2605.05088
2026-05-08	2605.05090
2026-05-08	2605.05092
2026-05-08	2605.05095
2026-05-08	2605.05096
2026-05-08	2605.05103
2026-05-08	2605.05112
2026-05-08	2605.05121
2026-05-08	2605.05161
2026-05-08	2605.05204
2026-05-08	2605.05206
2026-05-09	2605.06294
2026-05-09	2605.06298
2026-05-09	2605.06317
2026-05-09	2605.06326
2026-05-09	2605.06331
2026-05-09	2605.06334
2026-05-09	2605.06345
2026-05-09	2605.06350
2026-05-09	2605.06353
2026-05-09	2605.06356
2026-05-09	2605.06359
2026-05-09	2605.06366
2026-05-09	2605.06374
2026-05-09	2605.06376
2026-05-09	2605.06388
2026-05-09	2605.06403
2026-05-09	2605.06404
2026-05-09	2605.06407
2026-05-09	2605.06415
2026-05-09	2605.06421
2026-05-09	2605.06426
2026-05-09	2605.06433
2026-05-09	2605.06439
2026-05-09	2605.06441
2026-05-09	2605.06475
2026-05-09	2605.06477
2026-05-09	2605.06506
2026-05-09	2605.06509
2026-05-09	2605.06512
2026-05-09	2605.06524
2026-05-09	2605.06529
2026-05-09	2605.06534
2026-05-09	2605.06535
2026-05-09	2605.06538
2026-05-09	2605.06544
2026-05-09	2605.06564
2026-05-09	2605.06583
2026-05-09	2605.06596
2026-05-09	2605.06599
2026-05-09	2605.06607
2026-05-09	2605.06615
2026-05-09	2605.06619
2026-05-09	2605.06627
2026-05-09	2605.06628
2026-05-09	2605.06632
2026-05-09	2605.06635
2026-05-09	2605.06641
2026-05-09	2605.06643
2026-05-09	2605.06647
2026-05-09	2605.06667
2026-05-10	2605.06318
2026-05-10	2605.06324
2026-05-10	2605.06364
2026-05-10	2605.06367
2026-05-10	2605.06371
2026-05-10	2605.06380
2026-05-10	2605.06395
2026-05-10	2605.06446
2026-05-10	2605.06460
2026-05-10	2605.06487
2026-05-10	2605.06507
2026-05-10	2605.06508
2026-05-10	2605.06527
2026-05-10	2605.06537
2026-05-10	2605.06553
2026-05-10	2605.06572
2026-05-10	2605.06584
2026-05-10	2605.06585
2026-05-10	2605.06592
2026-05-10	2605.06594
2026-05-10	2605.06605
2026-05-10	2605.06609
2026-05-10	2605.06611
2026-05-10	2605.06612
2026-05-10	2605.06614
2026-05-10	2605.06625
2026-05-10	2605.06637
2026-05-10	2605.06638
2026-05-10	2605.06639
2026-05-10	2605.06640
2026-05-10	2605.06651
2026-05-10	2605.06652
2026-05-10	2605.06656
2026-05-10	2605.06658
2026-05-10	2605.06664
2026-05-11	2605.06333
2026-05-11	2605.06368
2026-05-11	2605.06457
2026-05-11	2605.06472
2026-05-11	2605.06490
2026-05-11	2605.06522
2026-05-11	2605.06525
2026-05-11	2605.06546
2026-05-11	2605.06548
2026-05-11	2605.06576
2026-05-11	2605.06588
2026-05-11	2605.06591
2026-05-11	2605.06593
2026-05-11	2605.06597
2026-05-11	2605.06608
2026-05-11	2605.06660
2026-05-11	2605.06663
2026-05-11	2605.06665
2026-05-12	2605.07677
2026-05-12	2605.07686
2026-05-12	2605.07689
2026-05-12	2605.07695
2026-05-12	2605.07698
2026-05-12	2605.07723
2026-05-12	2605.07726
2026-05-12	2605.07738
2026-05-12	2605.07750
2026-05-12	2605.07770
2026-05-12	2605.07782
2026-05-12	2605.07796
2026-05-12	2605.07800
2026-05-12	2605.07817
2026-05-12	2605.07825
2026-05-12	2605.07841
2026-05-12	2605.07846
2026-05-12	2605.07860
2026-05-12	2605.07863
2026-05-12	2605.07872
2026-05-12	2605.07897
2026-05-12	2605.07915
2026-05-12	2605.07919
2026-05-12	2605.07924
2026-05-12	2605.07931
2026-05-12	2605.07935
2026-05-12	2605.07937
2026-05-12	2605.07954
2026-05-12	2605.07969
2026-05-12	2605.07973
2026-05-12	2605.07978
2026-05-12	2605.07990
2026-05-12	2605.08003
2026-05-12	2605.08019
2026-05-12	2605.08024
2026-05-12	2605.08029
2026-05-12	2605.08030
2026-05-12	2605.08034
2026-05-12	2605.08035
2026-05-12	2605.08036
2026-05-12	2605.08043
2026-05-12	2605.08045
2026-05-12	2605.08048
2026-05-12	2605.08050
2026-05-12	2605.08053
2026-05-12	2605.08060
2026-05-12	2605.08063
2026-05-12	2605.08073
2026-05-12	2605.08077
2026-05-12	2605.08078
2026-05-12	2605.08084
2026-05-13	2605.10556
2026-05-13	2605.10558
2026-05-13	2605.10571
2026-05-13	2605.10579
2026-05-13	2605.10592
2026-05-13	2605.10614
2026-05-13	2605.10622
2026-05-13	2605.10627
2026-05-13	2605.10633
2026-05-13	2605.10642
2026-05-13	2605.10645
2026-05-13	2605.10670
2026-05-13	2605.10671
2026-05-13	2605.10714
2026-05-13	2605.10718
2026-05-13	2605.10721
2026-05-13	2605.10723
2026-05-13	2605.10730
2026-05-13	2605.10759
2026-05-13	2605.10761
2026-05-13	2605.10762
2026-05-13	2605.10779
2026-05-13	2605.10782
2026-05-13	2605.10790
2026-05-13	2605.10791
2026-05-13	2605.10795
2026-05-13	2605.10799
2026-05-13	2605.10804
2026-05-13	2605.10806
2026-05-13	2605.10817
2026-05-13	2605.10819
2026-05-13	2605.10835
2026-05-13	2605.10845
2026-05-13	2605.10848
2026-05-13	2605.10850
2026-05-13	2605.10860
2026-05-13	2605.10865
2026-05-13	2605.10871
2026-05-13	2605.10873
2026-05-13	2605.10878
2026-05-13	2605.10887
2026-05-13	2605.10889
2026-05-13	2605.10893
2026-05-13	2605.10894
2026-05-13	2605.10901
2026-05-13	2605.10912
2026-05-13	2605.10913
2026-05-13	2605.10922
2026-05-13	2605.10933
2026-05-13	2605.10934
2026-05-13	2605.10937
2026-05-13	2605.10938
2026-05-14	2605.12088
2026-05-14	2605.12112
2026-05-14	2605.12120
2026-05-14	2605.12122
2026-05-14	2605.12131
2026-05-14	2605.12134
2026-05-14	2605.12145
2026-05-14	2605.12146
2026-05-14	2605.12154
2026-05-14	2605.12179
2026-05-14	2605.12183
2026-05-14	2605.12226
2026-05-14	2605.12237
2026-05-14	2605.12243
2026-05-14	2605.12263
2026-05-14	2605.12271
2026-05-14	2605.12272
2026-05-14	2605.12305
2026-05-14	2605.12334
2026-05-14	2605.12366
2026-05-14	2605.12380
2026-05-14	2605.12382
2026-05-14	2605.12388
2026-05-14	2605.12389
2026-05-14	2605.12394
2026-05-14	2605.12395
2026-05-14	2605.12396
2026-05-14	2605.12398
2026-05-14	2605.12410
2026-05-14	2605.12411
2026-05-14	2605.12413
2026-05-14	2605.12416
2026-05-14	2605.12419
2026-05-14	2605.12426
2026-05-14	2605.12431
2026-05-14	2605.12436
2026-05-14	2605.12438
2026-05-14	2605.12449
2026-05-14	2605.12466
2026-05-14	2605.12474
2026-05-14	2605.12480
2026-05-14	2605.12481
2026-05-14	2605.12484
2026-05-14	2605.12487
2026-05-14	2605.12491
2026-05-14	2605.12495
2026-05-14	2605.12496
2026-05-14	2605.12498
2026-05-14	2605.12500
2026-05-15	2605.13368
2026-05-15	2605.13370
2026-05-15	2605.13386
2026-05-15	2605.13399
2026-05-15	2605.13412
2026-05-15	2605.13433
2026-05-15	2605.13434
2026-05-15	2605.13448
2026-05-15	2605.13481
2026-05-15	2605.13485
2026-05-15	2605.13489
2026-05-15	2605.13497
2026-05-15	2605.13521
2026-05-15	2605.13530
2026-05-15	2605.13565
2026-05-15	2605.13632
2026-05-15	2605.13651
2026-05-15	2605.13667
2026-05-15	2605.13684
2026-05-15	2605.13686
2026-05-15	2605.13687
2026-05-15	2605.13690
2026-05-15	2605.13708
2026-05-15	2605.13711
2026-05-15	2605.13724
2026-05-15	2605.13725
2026-05-15	2605.13734
2026-05-15	2605.13737
2026-05-15	2605.13743
2026-05-15	2605.13761
2026-05-15	2605.13764
2026-05-15	2605.13775
2026-05-15	2605.13778
2026-05-15	2605.13779
2026-05-15	2605.13782
2026-05-15	2605.13784
2026-05-15	2605.13803
2026-05-15	2605.13813
2026-05-15	2605.13815
2026-05-15	2605.13817
2026-05-15	2605.13821
2026-05-15	2605.13825
2026-05-15	2605.13829
2026-05-15	2605.13831
2026-05-15	2605.13835
2026-05-15	2605.13838
2026-05-15	2605.13839
2026-05-15	2605.13840
2026-05-15	2605.13841
2026-05-15	2605.13846
2026-05-16	2605.14780
2026-05-16	2605.14784
2026-05-16	2605.14819
2026-05-16	2605.14842
2026-05-16	2605.14853
2026-05-16	2605.14859
2026-05-16	2605.14860
2026-05-16	2605.14865
2026-05-16	2605.14876
2026-05-16	2605.14877
2026-05-16	2605.14886
2026-05-16	2605.14889
2026-05-16	2605.14894
2026-05-16	2605.14900
2026-05-16	2605.14906
2026-05-16	2605.14923
2026-05-16	2605.14948
2026-05-16	2605.14995
2026-05-16	2605.14999
2026-05-16	2605.15011
2026-05-16	2605.15015
2026-05-16	2605.15019
2026-05-16	2605.15026
2026-05-16	2605.15040
2026-05-16	2605.15050
2026-05-16	2605.15053
2026-05-16	2605.15055
2026-05-16	2605.15071
2026-05-16	2605.15081
2026-05-16	2605.15098
2026-05-16	2605.15102
2026-05-16	2605.15109
2026-05-16	2605.15113
2026-05-16	2605.15118
2026-05-16	2605.15120
2026-05-16	2605.15122
2026-05-16	2605.15128
2026-05-16	2605.15133
2026-05-16	2605.15138
2026-05-16	2605.15152
2026-05-16	2605.15153
2026-05-16	2605.15164
2026-05-16	2605.15168
2026-05-16	2605.15172
2026-05-16	2605.15178
2026-05-16	2605.15179
2026-05-16	2605.15181
2026-05-16	2605.15183
2026-05-16	2605.15185
2026-05-16	2605.15186
2026-05-16	2605.15187
2026-05-16	2605.15190
2026-05-16	2605.15193
2026-05-16	2605.15195
2026-05-16	2605.15196
2026-05-16	2605.15198
2026-05-16	2605.15199
2026-05-17	2605.14766
2026-05-17	2605.14787
2026-05-17	2605.14815
2026-05-17	2605.14816
2026-05-17	2605.14843
2026-05-17	2605.14847
2026-05-17	2605.14879
2026-05-17	2605.14885
2026-05-17	2605.14888
2026-05-17	2605.14890
2026-05-17	2605.14892
2026-05-17	2605.14893
2026-05-17	2605.14908
2026-05-17	2605.14928
2026-05-17	2605.14929
2026-05-17	2605.14935
2026-05-17	2605.14938
2026-05-17	2605.14950
2026-05-17	2605.14963
2026-05-17	2605.14967
2026-05-17	2605.14990
2026-05-17	2605.14998
2026-05-17	2605.15018
2026-05-17	2605.15030
2026-05-17	2605.15041
2026-05-17	2605.15042
2026-05-17	2605.15044
2026-05-17	2605.15049
2026-05-17	2605.15051
2026-05-17	2605.15054
2026-05-17	2605.15058
2026-05-17	2605.15082
2026-05-17	2605.15104
2026-05-17	2605.15108
2026-05-17	2605.15110
2026-05-17	2605.15116
2026-05-17	2605.15131
2026-05-17	2605.15141
2026-05-17	2605.15157
2026-05-17	2605.15177
2026-05-18	2605.14761
2026-05-18	2605.14765
2026-05-18	2605.14772
2026-05-18	2605.14791
2026-05-18	2605.14844
2026-05-18	2605.14845
2026-05-18	2605.14857
2026-05-18	2605.14866
2026-05-18	2605.14878
2026-05-18	2605.14883
2026-05-18	2605.14912
2026-05-18	2605.14939
2026-05-18	2605.14940
2026-05-18	2605.14953
2026-05-18	2605.14966
2026-05-18	2605.14981
2026-05-18	2605.14988
2026-05-18	2605.15034
2026-05-18	2605.15077
2026-05-18	2605.15088
2026-05-18	2605.15093
2026-05-18	2605.15100
2026-05-18	2605.15154
2026-05-18	2605.15155
2026-05-18	2605.15156
2026-05-18	2605.15167
2026-05-18	2605.15171
2026-05-18	2605.15182
2026-05-18	2605.15184
2026-05-19	2605.15725
2026-05-19	2605.15735
2026-05-19	2605.15741
2026-05-19	2605.15755
2026-05-19	2605.15763
2026-05-19	2605.15764
2026-05-19	2605.15787
2026-05-19	2605.15790
2026-05-19	2605.15793
2026-05-19	2605.15816
2026-05-19	2605.15822
2026-05-19	2605.15824
2026-05-19	2605.15835
2026-05-19	2605.15855
2026-05-19	2605.15887
2026-05-19	2605.15894
2026-05-19	2605.15904
2026-05-19	2605.15905
2026-05-19	2605.15908
2026-05-19	2605.15921
2026-05-19	2605.15963
2026-05-19	2605.15976
2026-05-19	2605.15980
2026-05-19	2605.15984
2026-05-19	2605.16003
2026-05-19	2605.16007
2026-05-19	2605.16022
2026-05-19	2605.16023
2026-05-19	2605.16026
2026-05-19	2605.16030
2026-05-19	2605.16046
2026-05-19	2605.16077
2026-05-19	2605.16079
2026-05-19	2605.16081
2026-05-19	2605.16082
2026-05-19	2605.16090
2026-05-19	2605.16107
2026-05-19	2605.16120
2026-05-19	2605.16122
2026-05-19	2605.16126
2026-05-19	2605.16147
2026-05-19	2605.16154
2026-05-19	2605.16165
2026-05-19	2605.16167
2026-05-19	2605.16170
2026-05-19	2605.16182
2026-05-19	2605.16184
2026-05-19	2605.16207
2026-05-19	2605.16215
2026-05-19	2605.16217
2026-05-19	2605.16219
2026-05-19	2605.16222
2026-05-19	2605.16223
2026-05-19	2605.16230
2026-05-19	2605.16233
2026-05-19	2605.16238
2026-05-19	2605.16239
2026-05-19	2605.16241
2026-05-19	2605.16245
2026-05-19	2605.16255
2026-05-20	2605.18324
2026-05-20	2605.18332
2026-05-20	2605.18337
2026-05-20	2605.18352
2026-05-20	2605.18381
2026-05-20	2605.18390
2026-05-20	2605.18407
2026-05-20	2605.18419
2026-05-20	2605.18431
2026-05-20	2605.18445
2026-05-20	2605.18467
2026-05-20	2605.18504
2026-05-20	2605.18530
2026-05-20	2605.18541
2026-05-20	2605.18553
2026-05-20	2605.18561
2026-05-20	2605.18563
2026-05-20	2605.18567
2026-05-20	2605.18570
2026-05-20	2605.18577
2026-05-20	2605.18583
2026-05-20	2605.18601
2026-05-20	2605.18603
2026-05-20	2605.18604
2026-05-20	2605.18607
2026-05-20	2605.18621
2026-05-20	2605.18653
2026-05-20	2605.18654
2026-05-20	2605.18663
2026-05-20	2605.18680
2026-05-20	2605.18683
2026-05-20	2605.18697
2026-05-20	2605.18701
2026-05-20	2605.18702
2026-05-20	2605.18704
2026-05-20	2605.18707
2026-05-20	2605.18714
2026-05-20	2605.18719
2026-05-20	2605.18732
2026-05-20	2605.18733
2026-05-20	2605.18734
2026-05-20	2605.18735
2026-05-20	2605.18736
2026-05-20	2605.18738
2026-05-20	2605.18739
2026-05-20	2605.18740
2026-05-20	2605.18745
2026-05-20	2605.18746
2026-05-20	2605.18747
2026-05-20	2605.18748
2026-05-20	2605.18749
2026-05-20	2605.18750
2026-05-20	2605.18752
2026-05-20	2605.18753
2026-05-20	2605.18754
2026-05-21	2605.19726
2026-05-21	2605.19728
2026-05-21	2605.19729
2026-05-21	2605.19735
2026-05-21	2605.19737
2026-05-21	2605.19739
2026-05-21	2605.19750
2026-05-21	2605.19765
2026-05-21	2605.19804
2026-05-21	2605.19806
2026-05-21	2605.19826
2026-05-21	2605.19847
2026-05-21	2605.19892
2026-05-21	2605.19895
2026-05-21	2605.19928
2026-05-21	2605.19936
2026-05-21	2605.19950
2026-05-21	2605.19969
2026-05-21	2605.19976
2026-05-21	2605.19995
2026-05-21	2605.20006
2026-05-21	2605.20022
2026-05-21	2605.20033
2026-05-21	2605.20035
2026-05-21	2605.20036
2026-05-21	2605.20043
2026-05-21	2605.20049
2026-05-21	2605.20050
2026-05-21	2605.20052
2026-05-21	2605.20072
2026-05-21	2605.20075
2026-05-21	2605.20079
2026-05-21	2605.20084
2026-05-21	2605.20086
2026-05-21	2605.20087
2026-05-21	2605.20098
2026-05-21	2605.20104
2026-05-21	2605.20107
2026-05-21	2605.20110
2026-05-21	2605.20123
2026-05-21	2605.20127
2026-05-21	2605.20132
2026-05-21	2605.20134
2026-05-21	2605.20147
2026-05-21	2605.20150
2026-05-21	2605.20151
2026-05-21	2605.20158
2026-05-21	2605.20159
2026-05-21	2605.20164
2026-05-21	2605.20165
2026-05-21	2605.20167
2026-05-21	2605.20173
2026-05-21	2605.20176
2026-05-21	2605.20177
2026-05-21	2605.20183
2026-05-21	2605.20185
2026-05-22	2605.21002
2026-05-22	2605.21028
2026-05-22	2605.21041
2026-05-22	2605.21042
2026-05-22	2605.21057
2026-05-22	2605.21059
2026-05-22	2605.21066
2026-05-22	2605.21071
2026-05-22	2605.21072
2026-05-22	2605.21075
2026-05-22	2605.21097
2026-05-22	2605.21100
2026-05-22	2605.21103
2026-05-22	2605.21123
2026-05-22	2605.21190
2026-05-22	2605.21195
2026-05-22	2605.21198
2026-05-22	2605.21226
2026-05-22	2605.21227
2026-05-22	2605.21237
2026-05-22	2605.21239
2026-05-22	2605.21256
2026-05-22	2605.21261
2026-05-22	2605.21272
2026-05-22	2605.21273
2026-05-22	2605.21312
2026-05-22	2605.21322
2026-05-22	2605.21343
2026-05-22	2605.21347
2026-05-22	2605.21384
2026-05-22	2605.21402
2026-05-22	2605.21403
2026-05-22	2605.21405
2026-05-22	2605.21414
2026-05-22	2605.21417
2026-05-22	2605.21418
2026-05-22	2605.21421
2026-05-22	2605.21422
2026-05-22	2605.21427
2026-05-22	2605.21431
2026-05-22	2605.21443
2026-05-22	2605.21446
2026-05-22	2605.21454
2026-05-22	2605.21458
2026-05-22	2605.21460
2026-05-22	2605.21463
2026-05-22	2605.21466
2026-05-22	2605.21468
2026-05-22	2605.21470
2026-05-22	2605.21478
2026-05-22	2605.21479
2026-05-22	2605.21482
2026-05-22	2605.21483
2026-05-22	2605.21484
2026-05-22	2605.21485
2026-05-22	2605.21488
2026-05-22	2605.21489
2026-05-23	2605.22393
2026-05-23	2605.22411
2026-05-23	2605.22413
2026-05-23	2605.22426
2026-05-23	2605.22428
2026-05-23	2605.22448
2026-05-23	2605.22457
2026-05-23	2605.22469
2026-05-23	2605.22471
2026-05-23	2605.22478
2026-05-23	2605.22481
2026-05-23	2605.22488
2026-05-23	2605.22501
2026-05-23	2605.22544
2026-05-23	2605.22549
2026-05-23	2605.22552
2026-05-23	2605.22563
2026-05-23	2605.22586
2026-05-23	2605.22591
2026-05-23	2605.22596
2026-05-23	2605.22597
2026-05-23	2605.22616
2026-05-23	2605.22629
2026-05-23	2605.22645
2026-05-23	2605.22651
2026-05-23	2605.22654
2026-05-23	2605.22658
2026-05-23	2605.22660
2026-05-23	2605.22672
2026-05-23	2605.22705
2026-05-23	2605.22714
2026-05-23	2605.22715
2026-05-23	2605.22717
2026-05-23	2605.22718
2026-05-23	2605.22721
2026-05-23	2605.22723
2026-05-23	2605.22732
2026-05-23	2605.22734
2026-05-23	2605.22743
2026-05-23	2605.22748
2026-05-23	2605.22751
2026-05-23	2605.22759
2026-05-23	2605.22763
2026-05-23	2605.22765
2026-05-23	2605.22766
2026-05-23	2605.22777
2026-05-23	2605.22778
2026-05-23	2605.22785
2026-05-23	2605.22791
2026-05-23	2605.22794
2026-05-23	2605.22809
2026-05-23	2605.22817
2026-05-23	2605.22818
2026-05-23	2605.22819
2026-05-23	2605.22821
2026-05-23	2605.22823
2026-05-24	2605.22403
2026-05-24	2605.22414
2026-05-24	2605.22423
2026-05-24	2605.22462
2026-05-24	2605.22465
2026-05-24	2605.22467
2026-05-24	2605.22476
2026-05-24	2605.22487
2026-05-24	2605.22491
2026-05-24	2605.22504
2026-05-24	2605.22506
2026-05-24	2605.22535
2026-05-24	2605.22536
2026-05-24	2605.22542
2026-05-24	2605.22550
2026-05-24	2605.22556
2026-05-24	2605.22619
2026-05-24	2605.22635
2026-05-24	2605.22641
2026-05-24	2605.22643
2026-05-24	2605.22668
2026-05-24	2605.22675
2026-05-24	2605.22720
2026-05-24	2605.22737
2026-05-24	2605.22738
2026-05-24	2605.22756
2026-05-24	2605.22771
2026-05-24	2605.22776
2026-05-24	2605.22779
2026-05-24	2605.22781
2026-05-24	2605.22795
2026-05-24	2605.22800
2026-05-24	2605.22812
2026-05-24	2605.22814
2026-05-24	2605.22816
2026-05-25	2605.22389
2026-05-25	2605.22391
2026-05-25	2605.22420
2026-05-25	2605.22435
2026-05-25	2605.22447
2026-05-25	2605.22456
2026-05-25	2605.22484
2026-05-25	2605.22502
2026-05-25	2605.22558
2026-05-25	2605.22566
2026-05-25	2605.22570
2026-05-25	2605.22579
2026-05-25	2605.22608
2026-05-25	2605.22612
2026-05-25	2605.22666
2026-05-25	2605.22671
2026-05-25	2605.22678
2026-05-25	2605.22679
2026-05-25	2605.22681
2026-05-25	2605.22691
2026-05-25	2605.22695
2026-05-25	2605.22697
2026-05-25	2605.22724
2026-05-25	2605.22736
2026-05-25	2605.22740
2026-05-25	2605.22767
2026-05-25	2605.22769
2026-05-25	2605.22786
2026-05-26	2605.23312
2026-05-26	2605.23315
2026-05-26	2605.23346
2026-05-26	2605.23348
2026-05-26	2605.23362
2026-05-26	2605.23378
2026-05-26	2605.23381
2026-05-26	2605.23391
2026-05-26	2605.23403
2026-05-26	2605.23426
2026-05-26	2605.23445
2026-05-26	2605.23458
2026-05-26	2605.23464
2026-05-26	2605.23470
2026-05-26	2605.23482
2026-05-26	2605.23497
2026-05-26	2605.23522
2026-05-26	2605.23556
2026-05-26	2605.23559
2026-05-26	2605.23572
2026-05-26	2605.23597
2026-05-26	2605.23603
2026-05-26	2605.23605
2026-05-26	2605.23610
2026-05-26	2605.23629
2026-05-26	2605.23648
2026-05-26	2605.23668
2026-05-26	2605.23699
2026-05-26	2605.23701
2026-05-26	2605.23702
2026-05-26	2605.23723
2026-05-26	2605.23754
2026-05-26	2605.23764
2026-05-26	2605.23771
2026-05-26	2605.23780
2026-05-26	2605.23797
2026-05-26	2605.23815
2026-05-26	2605.23816
2026-05-26	2605.23819
2026-05-26	2605.23825
2026-05-26	2605.23840
2026-05-26	2605.23845
2026-05-26	2605.23861
2026-05-26	2605.23872
2026-05-26	2605.23878
2026-05-26	2605.23883
2026-05-26	2605.23885
2026-05-26	2605.23889
2026-05-26	2605.23893
2026-05-26	2605.23895
2026-05-26	2605.23897
2026-05-26	2605.23898
2026-05-26	2605.23899
2026-05-26	2605.23901
2026-05-26	2605.23902
2026-05-26	2605.23904
2026-05-27	2605.25678
2026-05-27	2605.25682
2026-05-27	2605.25686
2026-05-27	2605.25690
2026-05-27	2605.25698
2026-05-27	2605.25716
2026-05-27	2605.25726
2026-05-27	2605.25739
2026-05-27	2605.25749
2026-05-27	2605.25759
2026-05-27	2605.25765
2026-05-27	2605.25778
2026-05-27	2605.25781
2026-05-27	2605.25801
2026-05-27	2605.25826
2026-05-27	2605.25836
2026-05-27	2605.25844
2026-05-27	2605.25854
2026-05-27	2605.25876
2026-05-27	2605.25878
2026-05-27	2605.25889
2026-05-27	2605.25893
2026-05-27	2605.25902
2026-05-27	2605.25916
2026-05-27	2605.25941
2026-05-27	2605.25943
2026-05-27	2605.25967
2026-05-27	2605.25968
2026-05-27	2605.25970
2026-05-27	2605.25979
2026-05-27	2605.26002
2026-05-27	2605.26004
2026-05-27	2605.26007
2026-05-27	2605.26014
2026-05-27	2605.26019
2026-05-27	2605.26032
2026-05-27	2605.26062
2026-05-27	2605.26064
2026-05-27	2605.26068
2026-05-27	2605.26070
2026-05-27	2605.26074
2026-05-27	2605.26078
2026-05-27	2605.26079
2026-05-27	2605.26087
2026-05-27	2605.26089
2026-05-27	2605.26093
2026-05-27	2605.26097
2026-05-27	2605.26103
2026-05-27	2605.26104
2026-05-27	2605.26105
2026-05-27	2605.26106
2026-05-27	2605.26108
2026-05-27	2605.26109
2026-05-27	2605.26110
2026-05-27	2605.26112
2026-05-27	2605.26113
2026-05-27	2605.26114
2026-05-27	2605.26115
2026-05-28	2605.26900
2026-05-28	2605.26918
2026-05-28	2605.26930
2026-05-28	2605.26949
2026-05-28	2605.26960
2026-05-28	2605.27003
2026-05-28	2605.27009
2026-05-28	2605.27020
2026-05-28	2605.27043
2026-05-28	2605.27066
2026-05-28	2605.27067
2026-05-28	2605.27072
2026-05-28	2605.27075
2026-05-28	2605.27082
2026-05-28	2605.27088
2026-05-28	2605.27095
2026-05-28	2605.27097
2026-05-28	2605.27102
2026-05-28	2605.27103
2026-05-28	2605.27106
2026-05-28	2605.27113
2026-05-28	2605.27131
2026-05-28	2605.27154
2026-05-28	2605.27194
2026-05-28	2605.27203
2026-05-28	2605.27204
2026-05-28	2605.27205
2026-05-28	2605.27220
2026-05-28	2605.27235
2026-05-28	2605.27243
2026-05-28	2605.27245
2026-05-28	2605.27254
2026-05-28	2605.27258
2026-05-28	2605.27268
2026-05-28	2605.27276
2026-05-28	2605.27284
2026-05-28	2605.27286
2026-05-28	2605.27295
2026-05-28	2605.27311
2026-05-28	2605.27313
2026-05-28	2605.27332
2026-05-28	2605.27333
2026-05-28	2605.27336
2026-05-28	2605.27345
2026-05-28	2605.27351
2026-05-28	2605.27352
2026-05-28	2605.27354
2026-05-28	2605.27355
2026-05-28	2605.27358
2026-05-28	2605.27360
2026-05-28	2605.27361
2026-05-28	2605.27365
2026-05-28	2605.27367
2026-05-28	2605.27371
2026-05-29	2605.28400
2026-05-29	2605.28422
2026-05-29	2605.28426
2026-05-29	2605.28427
2026-05-29	2605.28459
2026-05-29	2605.28464
2026-05-29	2605.28484
2026-05-29	2605.28491
2026-05-29	2605.28522
2026-05-29	2605.28544
2026-05-29	2605.28565
2026-05-29	2605.28567
2026-05-29	2605.28585
2026-05-29	2605.28600
2026-05-29	2605.28615
2026-05-29	2605.28630
2026-05-29	2605.28632
2026-05-29	2605.28641
2026-05-29	2605.28645
2026-05-29	2605.28655
2026-05-29	2605.28691
2026-05-29	2605.28693
2026-05-29	2605.28697
2026-05-29	2605.28711
2026-05-29	2605.28714
2026-05-29	2605.28717
2026-05-29	2605.28721
2026-05-29	2605.28733
2026-05-29	2605.28734
2026-05-29	2605.28739
2026-05-29	2605.28740
2026-05-29	2605.28741
2026-05-29	2605.28763
2026-05-29	2605.28764
2026-05-29	2605.28767
2026-05-29	2605.28774
2026-05-29	2605.28775
2026-05-29	2605.28779
2026-05-29	2605.28780
2026-05-29	2605.28782
2026-05-29	2605.28787
2026-05-29	2605.28792
2026-05-29	2605.28802
2026-05-29	2605.28803
2026-05-29	2605.28807
2026-05-29	2605.28809
2026-05-29	2605.28810
2026-05-29	2605.28812
2026-05-29	2605.28814
2026-05-29	2605.28816
2026-05-29	2605.28819
2026-05-29	2605.28820
2026-05-30	2605.29966
2026-05-30	2605.29970
2026-05-30	2605.29980
2026-05-30	2605.30029
2026-05-30	2605.30031
2026-05-30	2605.30049
2026-05-30	2605.30087
2026-05-30	2605.30096
2026-05-30	2605.30103
2026-05-30	2605.30107
2026-05-30	2605.30120
2026-05-30	2605.30123
2026-05-30	2605.30152
2026-05-30	2605.30153
2026-05-30	2605.30170
2026-05-30	2605.30174
2026-05-30	2605.30189
2026-05-30	2605.30190
2026-05-30	2605.30205
2026-05-30	2605.30208
2026-05-30	2605.30230
2026-05-30	2605.30231
2026-05-30	2605.30232
2026-05-30	2605.30237
2026-05-30	2605.30241
2026-05-30	2605.30244
2026-05-30	2605.30248
2026-05-30	2605.30256
2026-05-30	2605.30268
2026-05-30	2605.30274
2026-05-30	2605.30275
2026-05-30	2605.30280
2026-05-30	2605.30289
2026-05-30	2605.30290
2026-05-30	2605.30294
2026-05-30	2605.30307
2026-05-30	2605.30311
2026-05-30	2605.30317
2026-05-30	2605.30318
2026-05-30	2605.30319
2026-05-30	2605.30320
2026-05-30	2605.30325
2026-05-30	2605.30329
2026-05-30	2605.30330
2026-05-30	2605.30332
2026-05-30	2605.30333
2026-05-30	2605.30336
2026-05-30	2605.30339
2026-05-30	2605.30341
2026-05-30	2605.30342
2026-05-30	2605.30343
2026-05-30	2605.30345
2026-05-30	2605.30347
2026-05-30	2605.30348
2026-05-30	2605.30349
2026-05-30	2605.30350
2026-05-30	2605.30351
2026-05-31	2605.29992
2026-05-31	2605.30000
2026-05-31	2605.30022
2026-05-31	2605.30027
2026-05-31	2605.30038
2026-05-31	2605.30080
2026-05-31	2605.30083
2026-05-31	2605.30090
2026-05-31	2605.30093
2026-05-31	2605.30116
2026-05-31	2605.30117
2026-05-31	2605.30126
2026-05-31	2605.30131
2026-05-31	2605.30133
2026-05-31	2605.30140
2026-05-31	2605.30161
2026-05-31	2605.30168
2026-05-31	2605.30198
2026-05-31	2605.30213
2026-05-31	2605.30214
2026-05-31	2605.30215
2026-05-31	2605.30220
2026-05-31	2605.30225
2026-05-31	2605.30227
2026-05-31	2605.30260
2026-05-31	2605.30263
2026-05-31	2605.30265
2026-05-31	2605.30283
2026-05-31	2605.30288
2026-05-31	2605.30292
2026-05-31	2605.30310
2026-05-31	2605.30314
2026-05-31	2605.30315
2026-05-31	2605.30327
2026-05-31	2605.30335
2026-05-31	2605.30337
2026-05-31	2605.30346
2026-05-31	2605.30352
2026-05-31	2605.30353
2026-06-01	2605.29997
2026-06-01	2605.30010
2026-06-01	2605.30011
2026-06-01	2605.30045
2026-06-01	2605.30058
2026-06-01	2605.30060
2026-06-01	2605.30062
2026-06-01	2605.30073
2026-06-01	2605.30144
2026-06-01	2605.30159
2026-06-01	2605.30166
2026-06-01	2605.30169
2026-06-01	2605.30179
2026-06-01	2605.30184
2026-06-01	2605.30188
2026-06-01	2605.30195
2026-06-01	2605.30200
2026-06-01	2605.30202
2026-06-01	2605.30219
2026-06-01	2605.30226
2026-06-01	2605.30233
2026-06-01	2605.30245
2026-06-01	2605.30257
2026-06-01	2605.30338
2026-06-01	2605.30344
2026-06-02	2605.31171
2026-06-02	2605.31176
2026-06-02	2605.31238
2026-06-02	2605.31244
2026-06-02	2605.31266
2026-06-02	2605.31281
2026-06-02	2605.31296
2026-06-02	2605.31311
2026-06-02	2605.31330
2026-06-02	2605.31336
2026-06-02	2605.31338
2026-06-02	2605.31354
2026-06-02	2605.31363
2026-06-02	2605.31377
2026-06-02	2605.31419
2026-06-02	2605.31429
2026-06-02	2605.31437
2026-06-02	2605.31463
2026-06-02	2605.31478
2026-06-02	2605.31494
2026-06-02	2605.31498
2026-06-02	2605.31504
2026-06-02	2605.31506
2026-06-02	2605.31508
2026-06-02	2605.31509
2026-06-02	2605.31512
2026-06-02	2605.31518
2026-06-02	2605.31521
2026-06-02	2605.31529
2026-06-02	2605.31535
2026-06-02	2605.31547
2026-06-02	2605.31556
2026-06-02	2605.31557
2026-06-02	2605.31558
2026-06-02	2605.31559
2026-06-02	2605.31564
2026-06-02	2605.31569
2026-06-02	2605.31572
2026-06-02	2605.31575
2026-06-02	2605.31580
2026-06-02	2605.31584
2026-06-02	2605.31586
2026-06-02	2605.31590
2026-06-02	2605.31593
2026-06-02	2605.31594
2026-06-02	2605.31596
2026-06-02	2605.31597
2026-06-02	2605.31598
2026-06-02	2605.31603
2026-06-02	2605.31604
2026-06-03	2606.03535
2026-06-03	2606.03604
2026-06-03	2606.03614
2026-06-03	2606.03674
2026-06-03	2606.03715
2026-06-03	2606.03718
2026-06-03	2606.03727
2026-06-03	2606.03728
2026-06-03	2606.03746
2026-06-03	2606.03754
2026-06-03	2606.03755
2026-06-03	2606.03763
2026-06-03	2606.03770
2026-06-03	2606.03788
2026-06-03	2606.03793
2026-06-03	2606.03811
2026-06-03	2606.03814
2026-06-03	2606.03820
2026-06-03	2606.03825
2026-06-03	2606.03827
2026-06-03	2606.03866
2026-06-03	2606.03867
2026-06-03	2606.03871
2026-06-03	2606.03874
2026-06-03	2606.03879
2026-06-03	2606.03890
2026-06-03	2606.03892
2026-06-03	2606.03895
2026-06-03	2606.03904
2026-06-03	2606.03906
2026-06-03	2606.03910
2026-06-03	2606.03911
2026-06-03	2606.03915
2026-06-03	2606.03919
2026-06-03	2606.03921
2026-06-03	2606.03924
2026-06-03	2606.03926
2026-06-03	2606.03928
2026-06-03	2606.03936
2026-06-03	2606.03938
2026-06-03	2606.03940
2026-06-03	2606.03951
2026-06-03	2606.03957
2026-06-03	2606.03962
2026-06-03	2606.03967
2026-06-03	2606.03968
2026-06-03	2606.03969
2026-06-03	2606.03971
2026-06-03	2606.03972
2026-06-03	2606.03985
2026-06-03	2606.03986
2026-06-03	2606.03990
2026-06-03	2606.03994
2026-06-06	2606.06042
2026-06-06	2606.06044
2026-06-06	2606.06066
2026-06-06	2606.06078
2026-06-06	2606.06106
2026-06-06	2606.06109
2026-06-06	2606.06113
2026-06-06	2606.06120
2026-06-06	2606.06136
2026-06-06	2606.06154
2026-06-06	2606.06179
2026-06-06	2606.06189
2026-06-06	2606.06194
2026-06-06	2606.06217
2026-06-06	2606.06219
2026-06-06	2606.06224
2026-06-06	2606.06225
2026-06-06	2606.06228
2026-06-06	2606.06245
2026-06-06	2606.06255
2026-06-06	2606.06260
2026-06-06	2606.06271
2026-06-06	2606.06278
2026-06-06	2606.06294
2026-06-06	2606.06303
2026-06-06	2606.06306
2026-06-06	2606.06309
2026-06-06	2606.06333
2026-06-06	2606.06338
2026-06-06	2606.06344
2026-06-06	2606.06356
2026-06-06	2606.06357
2026-06-06	2606.06361
2026-06-06	2606.06381
2026-06-06	2606.06386
2026-06-06	2606.06390
2026-06-06	2606.06407
2026-06-06	2606.06420
2026-06-06	2606.06428
2026-06-06	2606.06438
2026-06-06	2606.06444
2026-06-06	2606.06448
2026-06-06	2606.06453
2026-06-06	2606.06458
2026-06-06	2606.06467
2026-06-06	2606.06468
2026-06-06	2606.06469
2026-06-06	2606.06473
2026-06-06	2606.06474
2026-06-06	2606.06476
2026-06-06	2606.06477
2026-06-06	2606.06479
2026-06-06	2606.06481
2026-06-06	2606.06486
2026-06-06	2606.06491
2026-06-06	2606.06492
2026-06-06	2606.06493
2026-06-07	2606.06060
2026-06-07	2606.06065
2026-06-07	2606.06076
2026-06-07	2606.06100
2026-06-07	2606.06155
2026-06-07	2606.06158
2026-06-07	2606.06168
2026-06-07	2606.06177
2026-06-07	2606.06183
2026-06-07	2606.06186
2026-06-07	2606.06236
2026-06-07	2606.06242
2026-06-07	2606.06249
2026-06-07	2606.06261
2026-06-07	2606.06267
2026-06-07	2606.06273
2026-06-07	2606.06284
2026-06-07	2606.06285
2026-06-07	2606.06320
2026-06-07	2606.06324
2026-06-07	2606.06328
2026-06-07	2606.06345
2026-06-07	2606.06349
2026-06-07	2606.06350
2026-06-07	2606.06363
2026-06-07	2606.06369
2026-06-07	2606.06373
2026-06-07	2606.06391
2026-06-07	2606.06393
2026-06-07	2606.06397
2026-06-07	2606.06399
2026-06-07	2606.06418
2026-06-07	2606.06423
2026-06-07	2606.06447
2026-06-07	2606.06454
2026-06-07	2606.06460
2026-06-07	2606.06462
2026-06-07	2606.06485
2026-06-08	2606.06983
2026-06-08	2606.06991
2026-06-08	2606.07016
2026-06-08	2606.07020
2026-06-08	2606.07036
2026-06-08	2606.07046
2026-06-08	2606.07053
2026-06-08	2606.07079
2026-06-08	2606.07080
2026-06-08	2606.07145
2026-06-08	2606.07157
2026-06-08	2606.07167
2026-06-08	2606.07190
2026-06-08	2606.07205
2026-06-08	2606.07207
2026-06-08	2606.07218
2026-06-08	2606.07229
2026-06-08	2606.07252
2026-06-08	2606.07277
2026-06-08	2606.07289
2026-06-08	2606.07293
2026-06-08	2606.07311
2026-06-08	2606.07317
2026-06-08	2606.07342
2026-06-08	2606.07356
2026-06-08	2606.07362
2026-06-08	2606.07365
2026-06-08	2606.07379
2026-06-08	2606.07387
2026-06-08	2606.07401
2026-06-08	2606.07402
2026-06-08	2606.07403
2026-06-08	2606.07410
2026-06-08	2606.07412
2026-06-08	2606.07419
2026-06-08	2606.07422
2026-06-08	2606.07431
2026-06-08	2606.07433
2026-06-08	2606.07435
2026-06-08	2606.07436
2026-06-08	2606.07451
2026-06-08	2606.07454
2026-06-08	2606.07457
2026-06-08	2606.07463
2026-06-08	2606.07473
2026-06-08	2606.07483
2026-06-08	2606.07487
2026-06-08	2606.07489
2026-06-08	2606.07491
2026-06-08	2606.07492
2026-06-08	2606.07496
2026-06-08	2606.07508
2026-06-08	2606.07512
2026-06-08	2606.07513
2026-06-09	2606.09356
2026-06-09	2606.09376
2026-06-09	2606.09378
2026-06-09	2606.09393
2026-06-09	2606.09410
2026-06-09	2606.09419
2026-06-09	2606.09453
2026-06-09	2606.09459
2026-06-09	2606.09486
2026-06-09	2606.09507
2026-06-09	2606.09520
2026-06-09	2606.09578
2026-06-09	2606.09585
2026-06-09	2606.09593
2026-06-09	2606.09603
2026-06-09	2606.09605
2026-06-09	2606.09617
2026-06-09	2606.09638
2026-06-09	2606.09639
2026-06-09	2606.09641
2026-06-09	2606.09643
2026-06-09	2606.09655
2026-06-09	2606.09669
2026-06-09	2606.09672
2026-06-09	2606.09682
2026-06-09	2606.09699
2026-06-09	2606.09700
2026-06-09	2606.09705
2026-06-09	2606.09709
2026-06-09	2606.09711
2026-06-09	2606.09718
2026-06-09	2606.09724
2026-06-09	2606.09735
2026-06-09	2606.09738
2026-06-09	2606.09746
2026-06-09	2606.09749
2026-06-09	2606.09764
2026-06-09	2606.09767
2026-06-09	2606.09770
2026-06-09	2606.09788
2026-06-09	2606.09792
2026-06-09	2606.09794
2026-06-09	2606.09800
2026-06-09	2606.09803
2026-06-09	2606.09806
2026-06-09	2606.09811
2026-06-09	2606.09813
2026-06-09	2606.09816
2026-06-09	2606.09822
2026-06-09	2606.09826
2026-06-09	2606.09827
2026-06-09	2606.09828
2026-06-10	2606.10683
2026-06-10	2606.10693
2026-06-10	2606.10701
2026-06-10	2606.10703
2026-06-10	2606.10749
2026-06-10	2606.10796
2026-06-10	2606.10804
2026-06-10	2606.10819
2026-06-10	2606.10829
2026-06-10	2606.10833
2026-06-10	2606.10839
2026-06-10	2606.10842
2026-06-10	2606.10881
2026-06-10	2606.10902
2026-06-10	2606.10907
2026-06-10	2606.10909
2026-06-10	2606.10921
2026-06-10	2606.10953
2026-06-10	2606.10967
2026-06-10	2606.10982
2026-06-10	2606.11009
2026-06-10	2606.11018
2026-06-10	2606.11023
2026-06-10	2606.11025
2026-06-10	2606.11033
2026-06-10	2606.11050
2026-06-10	2606.11075
2026-06-10	2606.11081
2026-06-10	2606.11082
2026-06-10	2606.11092
2026-06-10	2606.11096
2026-06-10	2606.11098
2026-06-10	2606.11105
2026-06-10	2606.11106
2026-06-10	2606.11129
2026-06-10	2606.11130
2026-06-10	2606.11131
2026-06-10	2606.11138
2026-06-10	2606.11140
2026-06-10	2606.11144
2026-06-10	2606.11148
2026-06-10	2606.11150
2026-06-10	2606.11152
2026-06-10	2606.11155
2026-06-10	2606.11156
2026-06-10	2606.11163
2026-06-10	2606.11167
2026-06-10	2606.11169
2026-06-10	2606.11172
2026-06-10	2606.11173
2026-06-10	2606.11176
2026-06-10	2606.11180
2026-06-10	2606.11186
2026-06-10	2606.11187
2026-06-10	2606.11188
2026-06-10	2606.11190
2026-06-11	2606.11846
2026-06-11	2606.11864
2026-06-11	2606.11867
2026-06-11	2606.11893
2026-06-11	2606.11907
2026-06-11	2606.11910
2026-06-11	2606.11916
2026-06-11	2606.11925
2026-06-11	2606.11937
2026-06-11	2606.11946
2026-06-11	2606.11953
2026-06-11	2606.11969
2026-06-11	2606.11974
2026-06-11	2606.12022
2026-06-11	2606.12059
2026-06-11	2606.12072
2026-06-11	2606.12073
2026-06-11	2606.12086
2026-06-11	2606.12105
2026-06-11	2606.12120
2026-06-11	2606.12138
2026-06-11	2606.12153
2026-06-11	2606.12198
2026-06-11	2606.12199
2026-06-11	2606.12211
2026-06-11	2606.12213
2026-06-11	2606.12232
2026-06-11	2606.12245
2026-06-11	2606.12246
2026-06-11	2606.12247
2026-06-11	2606.12263
2026-06-11	2606.12268
2026-06-11	2606.12280
2026-06-11	2606.12299
2026-06-11	2606.12300
2026-06-11	2606.12320
2026-06-11	2606.12332
2026-06-11	2606.12343
2026-06-11	2606.12346
2026-06-11	2606.12352
2026-06-11	2606.12365
2026-06-11	2606.12368
2026-06-11	2606.12378
2026-06-11	2606.12385
2026-06-11	2606.12387
2026-06-11	2606.12396
2026-06-11	2606.12400
2026-06-11	2606.12402
2026-06-11	2606.12406
2026-06-11	2606.12407
2026-06-11	2606.12411
2026-06-11	2606.12412
2026-06-12	2606.13141
2026-06-12	2606.13145
2026-06-12	2606.13148
2026-06-12	2606.13156
2026-06-12	2606.13189
2026-06-12	2606.13191
2026-06-12	2606.13192
2026-06-12	2606.13194
2026-06-12	2606.13227
2026-06-12	2606.13239
2026-06-12	2606.13240
2026-06-12	2606.13247
2026-06-12	2606.13266
2026-06-12	2606.13287
2026-06-12	2606.13289
2026-06-12	2606.13304
2026-06-12	2606.13321
2026-06-12	2606.13347
2026-06-12	2606.13364
2026-06-12	2606.13366
2026-06-12	2606.13374
2026-06-12	2606.13382
2026-06-12	2606.13422
2026-06-12	2606.13432
2026-06-12	2606.13439
2026-06-12	2606.13464
2026-06-12	2606.13473
2026-06-12	2606.13496
2026-06-12	2606.13501
2026-06-12	2606.13507
2026-06-12	2606.13513
2026-06-12	2606.13532
2026-06-12	2606.13533
2026-06-12	2606.13537
2026-06-12	2606.13550
2026-06-12	2606.13558
2026-06-12	2606.13565
2026-06-12	2606.13572
2026-06-12	2606.13578
2026-06-12	2606.13580
2026-06-12	2606.13603
2026-06-12	2606.13604
2026-06-12	2606.13608
2026-06-12	2606.13610
2026-06-12	2606.13624
2026-06-12	2606.13629
2026-06-12	2606.13630
2026-06-12	2606.13634
2026-06-12	2606.13644
2026-06-12	2606.13647
2026-06-12	2606.13649
2026-06-12	2606.13652
2026-06-12	2606.13655
2026-06-12	2606.13669
2026-06-12	2606.13673
2026-06-12	2606.13676
2026-06-12	2606.13677
2026-06-12	2606.13679
2026-06-12	2606.13680
2026-06-13	2606.13180
2026-06-13	2606.13187
2026-06-13	2606.13188
2026-06-13	2606.13204
2026-06-13	2606.13211
2026-06-13	2606.13216
2026-06-13	2606.13218
2026-06-13	2606.13222
2026-06-13	2606.13249
2026-06-13	2606.13258
2026-06-13	2606.13262
2026-06-13	2606.13275
2026-06-13	2606.13288
2026-06-13	2606.13303
2026-06-13	2606.13322
2026-06-13	2606.13329
2026-06-13	2606.13345
2026-06-13	2606.13355
2026-06-13	2606.13361
2026-06-13	2606.13368
2026-06-13	2606.13376
2026-06-13	2606.13380
2026-06-13	2606.13381
2026-06-13	2606.13385
2026-06-13	2606.13392
2026-06-13	2606.13426
2026-06-13	2606.13438
2026-06-13	2606.13451
2026-06-13	2606.13477
2026-06-13	2606.13486
2026-06-13	2606.13497
2026-06-13	2606.13543
2026-06-13	2606.13556
2026-06-13	2606.13571
2026-06-13	2606.13576
2026-06-13	2606.13594
2026-06-13	2606.13607
2026-06-13	2606.13621
2026-06-13	2606.13623
2026-06-13	2606.13662
2026-06-14	2606.13142
2026-06-14	2606.13171
2026-06-14	2606.13174
2026-06-14	2606.13184
2026-06-14	2606.13220
2026-06-14	2606.13221
2026-06-14	2606.13233
2026-06-14	2606.13241
2026-06-14	2606.13282
2026-06-14	2606.13298
2026-06-14	2606.13317
2026-06-14	2606.13338
2026-06-14	2606.13354
2026-06-14	2606.13379
2026-06-14	2606.13397
2026-06-14	2606.13400
2026-06-14	2606.13410
2026-06-14	2606.13427
2026-06-14	2606.13436
2026-06-14	2606.13460
2026-06-14	2606.13488
2026-06-14	2606.13528
2026-06-14	2606.13544
2026-06-14	2606.13581
2026-06-14	2606.13657
2026-06-15	2606.14139
2026-06-15	2606.14142
2026-06-15	2606.14162
2026-06-15	2606.14168
2026-06-15	2606.14181
2026-06-15	2606.14188
2026-06-15	2606.14199
2026-06-15	2606.14219
2026-06-15	2606.14240
2026-06-15	2606.14260
2026-06-15	2606.14269
2026-06-15	2606.14309
2026-06-15	2606.14317
2026-06-15	2606.14321
2026-06-15	2606.14350
2026-06-15	2606.14356
2026-06-15	2606.14375
2026-06-15	2606.14383
2026-06-15	2606.14388
2026-06-15	2606.14394
2026-06-15	2606.14404
2026-06-15	2606.14460
2026-06-15	2606.14470
2026-06-15	2606.14474
2026-06-15	2606.14492
2026-06-15	2606.14498
2026-06-15	2606.14528
2026-06-15	2606.14555
2026-06-15	2606.14562
2026-06-15	2606.14568
2026-06-15	2606.14579
2026-06-15	2606.14580
2026-06-15	2606.14581
2026-06-15	2606.14586
2026-06-15	2606.14589
2026-06-15	2606.14598
2026-06-15	2606.14620
2026-06-15	2606.14626
2026-06-15	2606.14629
2026-06-15	2606.14631
2026-06-15	2606.14638
2026-06-15	2606.14647
2026-06-15	2606.14657
2026-06-15	2606.14659
2026-06-15	2606.14667
2026-06-15	2606.14668
2026-06-15	2606.14679
2026-06-15	2606.14690
2026-06-15	2606.14695
2026-06-15	2606.14697
2026-06-15	2606.14699
2026-06-15	2606.14701
2026-06-15	2606.14703
2026-06-16	2606.16562
2026-06-16	2606.16564
2026-06-16	2606.16580
2026-06-16	2606.16586
2026-06-16	2606.16596
2026-06-16	2606.16610
2026-06-16	2606.16615
2026-06-16	2606.16658
2026-06-16	2606.16661
2026-06-16	2606.16667
2026-06-16	2606.16682
2026-06-16	2606.16687
2026-06-16	2606.16693
2026-06-16	2606.16703
2026-06-16	2606.16740
2026-06-16	2606.16753
2026-06-16	2606.16763
2026-06-16	2606.16813
2026-06-16	2606.16815
2026-06-16	2606.16817
2026-06-16	2606.16838
2026-06-16	2606.16845
2026-06-16	2606.16866
2026-06-16	2606.16907
2026-06-16	2606.16908
2026-06-16	2606.16910
2026-06-16	2606.16914
2026-06-16	2606.16924
2026-06-16	2606.16959
2026-06-16	2606.16970
2026-06-16	2606.16978
2026-06-16	2606.16981
2026-06-16	2606.16988
2026-06-16	2606.16991
2026-06-16	2606.16993
2026-06-16	2606.16996
2026-06-16	2606.16999
2026-06-16	2606.17022
2026-06-16	2606.17024
2026-06-16	2606.17027
2026-06-16	2606.17029
2026-06-16	2606.17030
2026-06-16	2606.17034
2026-06-16	2606.17035
2026-06-16	2606.17037
2026-06-16	2606.17041
2026-06-16	2606.17043
2026-06-16	2606.17046
2026-06-16	2606.17048
2026-06-16	2606.17049
2026-06-16	2606.17056
2026-06-17	2606.17660
2026-06-17	2606.17664
2026-06-17	2606.17707
2026-06-17	2606.17710
2026-06-17	2606.17730
2026-06-17	2606.17787
2026-06-17	2606.17791
2026-06-17	2606.17798
2026-06-17	2606.17800
2026-06-17	2606.17809
2026-06-17	2606.17810
2026-06-17	2606.17821
2026-06-17	2606.17846
2026-06-17	2606.17856
2026-06-17	2606.17860
2026-06-17	2606.17910
2026-06-17	2606.17921
2026-06-17	2606.17953
2026-06-17	2606.17979
2026-06-17	2606.18021
2026-06-17	2606.18022
2026-06-17	2606.18033
2026-06-17	2606.18037
2026-06-17	2606.18063
2026-06-17	2606.18066
2026-06-17	2606.18071
2026-06-17	2606.18103
2026-06-17	2606.18105
2026-06-17	2606.18115
2026-06-17	2606.18120
2026-06-17	2606.18123
2026-06-17	2606.18180
2026-06-17	2606.18186
2026-06-17	2606.18190
2026-06-17	2606.18192
2026-06-17	2606.18193
2026-06-17	2606.18195
2026-06-17	2606.18198
2026-06-17	2606.18203
2026-06-17	2606.18205
2026-06-17	2606.18208
2026-06-17	2606.18209
2026-06-17	2606.18216
2026-06-17	2606.18218
2026-06-17	2606.18220
2026-06-17	2606.18222
2026-06-17	2606.18231
2026-06-17	2606.18237
2026-06-17	2606.18242
2026-06-17	2606.18247
2026-06-17	2606.18249
2026-06-17	2606.18250
2026-06-18	2606.18811
2026-06-18	2606.18861
2026-06-18	2606.18864
2026-06-18	2606.18888
2026-06-18	2606.18897
2026-06-18	2606.18900
2026-06-18	2606.18906
2026-06-18	2606.18941
2026-06-18	2606.18943
2026-06-18	2606.18947
2026-06-18	2606.18955
2026-06-18	2606.18958
2026-06-18	2606.18966
2026-06-18	2606.18974
2026-06-18	2606.18988
2026-06-18	2606.18992
2026-06-18	2606.18996
2026-06-18	2606.19004
2026-06-18	2606.19005
2026-06-18	2606.19025
2026-06-18	2606.19037
2026-06-18	2606.19059
2026-06-18	2606.19108
2026-06-18	2606.19119
2026-06-18	2606.19129
2026-06-18	2606.19149
2026-06-18	2606.19152
2026-06-18	2606.19157
2026-06-18	2606.19162
2026-06-18	2606.19163
2026-06-18	2606.19164
2026-06-18	2606.19172
2026-06-18	2606.19183
2026-06-18	2606.19195
2026-06-18	2606.19212
2026-06-18	2606.19218
2026-06-18	2606.19236
2026-06-18	2606.19245
2026-06-18	2606.19253
2026-06-18	2606.19256
2026-06-18	2606.19258
2026-06-18	2606.19270
2026-06-18	2606.19271
2026-06-18	2606.19277
2026-06-18	2606.19286
2026-06-18	2606.19297
2026-06-18	2606.19302
2026-06-18	2606.19303
2026-06-18	2606.19317
2026-06-18	2606.19319
2026-06-18	2606.19325
2026-06-18	2606.19333
2026-06-18	2606.19334
2026-06-18	2606.19336
2026-06-18	2606.19338
2026-06-18	2606.19341
2026-06-19	2606.20031
2026-06-19	2606.20065
2026-06-19	2606.20068
2026-06-19	2606.20083
2026-06-19	2606.20100
2026-06-19	2606.20101
2026-06-19	2606.20110
2026-06-19	2606.20113
2026-06-19	2606.20152
2026-06-19	2606.20155
2026-06-19	2606.20164
2026-06-19	2606.20179
2026-06-19	2606.20205
2026-06-19	2606.20225
2026-06-19	2606.20235
2026-06-19	2606.20241
2026-06-19	2606.20246
2026-06-19	2606.20274
2026-06-19	2606.20280
2026-06-19	2606.20287
2026-06-19	2606.20310
2026-06-19	2606.20344
2026-06-19	2606.20374
2026-06-19	2606.20382
2026-06-19	2606.20388
2026-06-19	2606.20400
2026-06-19	2606.20404
2026-06-19	2606.20437
2026-06-19	2606.20469
2026-06-19	2606.20477
2026-06-19	2606.20491
2026-06-19	2606.20493
2026-06-19	2606.20496
2026-06-19	2606.20502
2026-06-19	2606.20506
2026-06-19	2606.20508
2026-06-19	2606.20510
2026-06-19	2606.20512
2026-06-19	2606.20515
2026-06-19	2606.20518
2026-06-19	2606.20520
2026-06-19	2606.20521
2026-06-19	2606.20523
2026-06-19	2606.20527
2026-06-19	2606.20532
2026-06-19	2606.20536
2026-06-19	2606.20537
2026-06-19	2606.20542
2026-06-19	2606.20543
2026-06-19	2606.20545
2026-06-19	2606.20554
2026-06-19	2606.20556
2026-06-19	2606.20557
2026-06-19	2606.20559
2026-06-19	2606.20560
2026-06-19	2606.20561
2026-06-19	2606.20563
2026-06-20	2606.20037
2026-06-20	2606.20045
2026-06-20	2606.20072
2026-06-20	2606.20075
2026-06-20	2606.20076
2026-06-20	2606.20077
2026-06-20	2606.20082
2026-06-20	2606.20089
2026-06-20	2606.20094
2026-06-20	2606.20112
2026-06-20	2606.20115
2026-06-20	2606.20122
2026-06-20	2606.20128
2026-06-20	2606.20135
2026-06-20	2606.20137
2026-06-20	2606.20167
2026-06-20	2606.20177
2026-06-20	2606.20209
2026-06-20	2606.20244
2026-06-20	2606.20250
2026-06-20	2606.20255
2026-06-20	2606.20302
2026-06-20	2606.20303
2026-06-20	2606.20359
2026-06-20	2606.20369
2026-06-20	2606.20373
2026-06-20	2606.20381
2026-06-20	2606.20408
2026-06-20	2606.20416
2026-06-20	2606.20419
2026-06-20	2606.20457
2026-06-20	2606.20470
2026-06-20	2606.20474
2026-06-20	2606.20488
2026-06-20	2606.20517
2026-06-20	2606.20538
2026-06-20	2606.20546
2026-06-20	2606.20547
2026-06-21	2606.20023
2026-06-21	2606.20058
2026-06-21	2606.20092
2026-06-21	2606.20118
2026-06-21	2606.20131
2026-06-21	2606.20161
2026-06-21	2606.20183
2026-06-21	2606.20189
2026-06-21	2606.20212
2026-06-21	2606.20227
2026-06-21	2606.20245
2026-06-21	2606.20258
2026-06-21	2606.20347
2026-06-21	2606.20364
2026-06-21	2606.20376
2026-06-21	2606.20436
2026-06-21	2606.20459
2026-06-21	2606.20467
2026-06-21	2606.20482
2026-06-21	2606.20487
2026-06-21	2606.20526
2026-06-21	2606.20529
2026-06-21	2606.20531
2026-06-22	2606.20093
2026-06-22	2606.20097
2026-06-22	2606.20138
2026-06-22	2606.20146
2026-06-22	2606.20208
2026-06-22	2606.20231
2026-06-22	2606.20264
2026-06-22	2606.20291
2026-06-22	2606.20295
2026-06-22	2606.20300
2026-06-22	2606.20325
2026-06-22	2606.20329
2026-06-22	2606.20333
2026-06-22	2606.20365
2026-06-22	2606.20390
2026-06-22	2606.20411
2026-06-22	2606.20431
2026-06-22	2606.20455
2026-06-22	2606.20475
2026-06-22	2606.20485
2026-06-23	2606.23164
2026-06-23	2606.23165
2026-06-23	2606.23219
2026-06-23	2606.23221
2026-06-23	2606.23254
2026-06-23	2606.23260
2026-06-23	2606.23263
2026-06-23	2606.23267
2026-06-23	2606.23277
2026-06-23	2606.23283
2026-06-23	2606.23336
2026-06-23	2606.23345
2026-06-23	2606.23348
2026-06-23	2606.23354
2026-06-23	2606.23362
2026-06-23	2606.23367
2026-06-23	2606.23370
2026-06-23	2606.23382
2026-06-23	2606.23406
2026-06-23	2606.23416
2026-06-23	2606.23449
2026-06-23	2606.23462
2026-06-23	2606.23475
2026-06-23	2606.23487
2026-06-23	2606.23494
2026-06-23	2606.23496
2026-06-23	2606.23500
2026-06-23	2606.23521
2026-06-23	2606.23525
2026-06-23	2606.23537
2026-06-23	2606.23539
2026-06-23	2606.23543
2026-06-23	2606.23546
2026-06-23	2606.23557
2026-06-23	2606.23567
2026-06-23	2606.23575
2026-06-23	2606.23581
2026-06-23	2606.23583
2026-06-23	2606.23593
2026-06-23	2606.23604
2026-06-23	2606.23608
2026-06-23	2606.23610
2026-06-23	2606.23611
2026-06-23	2606.23626
2026-06-23	2606.23627
2026-06-23	2606.23634
2026-06-23	2606.23642
2026-06-23	2606.23643
2026-06-23	2606.23662
2026-06-23	2606.23665
2026-06-23	2606.23669
2026-06-23	2606.23675
2026-06-23	2606.23678
2026-06-23	2606.23679
2026-06-23	2606.23680
2026-06-23	2606.23682
2026-06-23	2606.23688
2026-06-23	2606.23689
2026-06-24	2606.24307
2026-06-24	2606.24313
2026-06-24	2606.24330
2026-06-24	2606.24333
2026-06-24	2606.24340
2026-06-24	2606.24344
2026-06-24	2606.24346
2026-06-24	2606.24369
2026-06-24	2606.24407
2026-06-24	2606.24414
2026-06-24	2606.24417
2026-06-24	2606.24420
2026-06-24	2606.24429
2026-06-24	2606.24449
2026-06-24	2606.24458
2026-06-24	2606.24460
2026-06-24	2606.24506
2026-06-24	2606.24510
2026-06-24	2606.24516
2026-06-24	2606.24531
2026-06-24	2606.24548
2026-06-24	2606.24570
2026-06-24	2606.24596
2026-06-24	2606.24602
2026-06-24	2606.24605
2026-06-24	2606.24610
2026-06-24	2606.24618
2026-06-24	2606.24626
2026-06-24	2606.24627
2026-06-24	2606.24648
2026-06-24	2606.24666
2026-06-24	2606.24667
2026-06-24	2606.24679
2026-06-24	2606.24696
2026-06-24	2606.24740
2026-06-24	2606.24748
2026-06-24	2606.24773
2026-06-24	2606.24774
2026-06-24	2606.24775
2026-06-24	2606.24779
2026-06-24	2606.24786
2026-06-24	2606.24797
2026-06-24	2606.24808
2026-06-24	2606.24817
2026-06-24	2606.24820
2026-06-24	2606.24824
2026-06-24	2606.24828
2026-06-24	2606.24829
2026-06-24	2606.24844
2026-06-24	2606.24849
2026-06-24	2606.24851
2026-06-24	2606.24883
2026-06-24	2606.24884
2026-06-24	2606.24888
2026-06-25	2606.25449
2026-06-25	2606.25453
2026-06-25	2606.25473
2026-06-25	2606.25496
2026-06-25	2606.25529
2026-06-25	2606.25532
2026-06-25	2606.25533
2026-06-25	2606.25535
2026-06-25	2606.25546
2026-06-25	2606.25548
2026-06-25	2606.25578
2026-06-25	2606.25592
2026-06-25	2606.25620
2026-06-25	2606.25627
2026-06-25	2606.25656
2026-06-25	2606.25674
2026-06-25	2606.25721
2026-06-25	2606.25736
2026-06-25	2606.25738
2026-06-25	2606.25759
2026-06-25	2606.25760
2026-06-25	2606.25782
2026-06-25	2606.25800
2026-06-25	2606.25842
2026-06-25	2606.25844
2026-06-25	2606.25871
2026-06-25	2606.25880
2026-06-25	2606.25894
2026-06-25	2606.25905
2026-06-25	2606.25907
2026-06-25	2606.25922
2026-06-25	2606.25923
2026-06-25	2606.25927
2026-06-25	2606.25935
2026-06-25	2606.25971
2026-06-25	2606.25984
2026-06-25	2606.25987
2026-06-25	2606.25990
2026-06-25	2606.26009
2026-06-25	2606.26016
2026-06-25	2606.26029
2026-06-25	2606.26036
2026-06-25	2606.26040
2026-06-25	2606.26046
2026-06-25	2606.26050
2026-06-25	2606.26053
2026-06-25	2606.26057
2026-06-25	2606.26058
2026-06-25	2606.26062
2026-06-25	2606.26079
2026-06-25	2606.26080
2026-06-25	2606.26083
2026-06-25	2606.26087
2026-06-25	2606.26091
2026-06-25	2606.26092
2026-06-25	2606.26095
2026-06-26	2606.26778
2026-06-26	2606.26780
2026-06-26	2606.26795
2026-06-26	2606.26857
2026-06-26	2606.26859
2026-06-26	2606.26863
2026-06-26	2606.26874
2026-06-26	2606.26899
2026-06-26	2606.26904
2026-06-26	2606.26916
2026-06-26	2606.26933
2026-06-26	2606.26938
2026-06-26	2606.26968
2026-06-26	2606.26997
2026-06-26	2606.27023
2026-06-26	2606.27051
2026-06-26	2606.27058
2026-06-26	2606.27069
2026-06-26	2606.27123
2026-06-26	2606.27147
2026-06-26	2606.27153
2026-06-26	2606.27161
2026-06-26	2606.27188
2026-06-26	2606.27192
2026-06-26	2606.27214
2026-06-26	2606.27217
2026-06-26	2606.27229
2026-06-26	2606.27234
2026-06-26	2606.27237
2026-06-26	2606.27242
2026-06-26	2606.27243
2026-06-26	2606.27250
2026-06-26	2606.27251
2026-06-26	2606.27264
2026-06-26	2606.27288
2026-06-26	2606.27291
2026-06-26	2606.27294
2026-06-26	2606.27298
2026-06-26	2606.27306
2026-06-26	2606.27307
2026-06-26	2606.27314
2026-06-26	2606.27315
2026-06-26	2606.27317
2026-06-26	2606.27326
2026-06-26	2606.27332
2026-06-26	2606.27339
2026-06-26	2606.27345
2026-06-26	2606.27347
2026-06-26	2606.27354
2026-06-26	2606.27359
2026-06-26	2606.27361
2026-06-26	2606.27364
2026-06-26	2606.27369
2026-06-26	2606.27371
2026-06-26	2606.27373
2026-06-26	2606.27376
2026-06-26	2606.27377
2026-06-27	2606.26793
2026-06-27	2606.26801
2026-06-27	2606.26803
2026-06-27	2606.26822
2026-06-27	2606.26866
2026-06-27	2606.26872
2026-06-27	2606.26891
2026-06-27	2606.26894
2026-06-27	2606.26923
2026-06-27	2606.26930
2026-06-27	2606.26936
2026-06-27	2606.26947
2026-06-27	2606.26981
2026-06-27	2606.26984
2026-06-27	2606.27010
2026-06-27	2606.27025
2026-06-27	2606.27068
2026-06-27	2606.27088
2026-06-27	2606.27089
2026-06-27	2606.27091
2026-06-27	2606.27103
2026-06-27	2606.27122
2026-06-27	2606.27128
2026-06-27	2606.27154
2026-06-27	2606.27174
2026-06-27	2606.27180
2026-06-27	2606.27187
2026-06-27	2606.27199
2026-06-27	2606.27202
2026-06-27	2606.27206
2026-06-27	2606.27226
2026-06-27	2606.27247
2026-06-27	2606.27268
2026-06-27	2606.27269
2026-06-27	2606.27275
2026-06-27	2606.27277
2026-06-27	2606.27280
2026-06-27	2606.27282
2026-06-27	2606.27285
2026-06-27	2606.27286
2026-06-27	2606.27302
2026-06-27	2606.27313
2026-06-27	2606.27325
2026-06-28	2606.26775
2026-06-28	2606.26787
2026-06-28	2606.26790
2026-06-28	2606.26794
2026-06-28	2606.26806
2026-06-28	2606.26819
2026-06-28	2606.26836
2026-06-28	2606.26845
2026-06-28	2606.26901
2026-06-28	2606.26907
2026-06-28	2606.26917
2026-06-28	2606.26922
2026-06-28	2606.26942
2026-06-28	2606.26963
2026-06-28	2606.26969
2026-06-28	2606.26982
2026-06-28	2606.26986
2026-06-28	2606.26990
2026-06-28	2606.27005
2026-06-28	2606.27009
2026-06-28	2606.27014
2026-06-28	2606.27019
2026-06-28	2606.27071
2026-06-28	2606.27095
2026-06-28	2606.27119
2026-06-28	2606.27140
2026-06-28	2606.27210
2026-06-28	2606.27223
2026-06-28	2606.27305
2026-06-28	2606.27321
2026-06-28	2606.27374
2026-06-29	2606.27701
2026-06-29	2606.27717
2026-06-29	2606.27721
2026-06-29	2606.27736
2026-06-29	2606.27741
2026-06-29	2606.27743
2026-06-29	2606.27771
2026-06-29	2606.27797
2026-06-29	2606.27819
2026-06-29	2606.27829
2026-06-29	2606.27880
2026-06-29	2606.27881
2026-06-29	2606.27917
2026-06-29	2606.27919
2026-06-29	2606.27926
2026-06-29	2606.27944
2026-06-29	2606.27964
2026-06-29	2606.27973
2026-06-29	2606.27976
2026-06-29	2606.27978
2026-06-29	2606.27979
2026-06-29	2606.27980
2026-06-29	2606.27981
2026-06-29	2606.27999
2026-06-29	2606.28011
2026-06-29	2606.28016
2026-06-29	2606.28026
2026-06-29	2606.28049
2026-06-29	2606.28057
2026-06-29	2606.28059
2026-06-29	2606.28061
2026-06-29	2606.28070
2026-06-29	2606.28076
2026-06-29	2606.28081
2026-06-29	2606.28092
2026-06-29	2606.28094
2026-06-29	2606.28105
2026-06-29	2606.28116
2026-06-29	2606.28128
2026-06-29	2606.28133
2026-06-29	2606.28136
2026-06-29	2606.28144
2026-06-29	2606.28153
2026-06-29	2606.28164
2026-06-29	2606.28179
2026-06-29	2606.28215
2026-06-29	2606.28217
2026-06-29	2606.28226
2026-06-29	2606.28235
2026-06-29	2606.28266
2026-06-29	2606.28268
2026-06-29	2606.28273
2026-06-29	2606.28287
2026-06-29	2606.28301
2026-06-29	2606.28309
2026-06-29	2606.28321
2026-06-29	2606.28322
2026-06-29	2606.28323
2026-06-30	2606.30175
2026-06-30	2606.30201
2026-06-30	2606.30220
2026-06-30	2606.30248
2026-06-30	2606.30256
2026-06-30	2606.30262
2026-06-30	2606.30288
2026-06-30	2606.30292
2026-06-30	2606.30312
2026-06-30	2606.30319
2026-06-30	2606.30332
2026-06-30	2606.30371
2026-06-30	2606.30372
2026-06-30	2606.30376
2026-06-30	2606.30383
2026-06-30	2606.30391
2026-06-30	2606.30414
2026-06-30	2606.30417
2026-06-30	2606.30445
2026-06-30	2606.30473
2026-06-30	2606.30479
2026-06-30	2606.30495
2026-06-30	2606.30509
2026-06-30	2606.30511
2026-06-30	2606.30514
2026-06-30	2606.30518
2026-06-30	2606.30523
2026-06-30	2606.30533
2026-06-30	2606.30534
2026-06-30	2606.30545
2026-06-30	2606.30551
2026-06-30	2606.30552
2026-06-30	2606.30553
2026-06-30	2606.30554
2026-06-30	2606.30557
2026-06-30	2606.30561
2026-06-30	2606.30563
2026-06-30	2606.30566
2026-06-30	2606.30574
2026-06-30	2606.30576
2026-06-30	2606.30587
2026-06-30	2606.30598
2026-06-30	2606.30599
2026-06-30	2606.30602
2026-06-30	2606.30608
2026-06-30	2606.30616
2026-06-30	2606.30625
2026-06-30	2606.30626
2026-06-30	2606.30627
2026-06-30	2606.30632
2026-06-30	2606.30634
2026-06-30	2606.30642
2026-06-30	2606.30645
2026-07-01	2606.31471
2026-07-01	2606.31535
2026-07-01	2606.31543
2026-07-01	2606.31576
2026-07-01	2606.31630
2026-07-01	2606.31639
2026-07-01	2606.31644
2026-07-01	2606.31683
2026-07-01	2606.31699
2026-07-01	2606.31711
2026-07-01	2606.31718
2026-07-01	2606.31729
2026-07-01	2606.31732
2026-07-01	2606.31734
2026-07-01	2606.31741
2026-07-01	2606.31742
2026-07-01	2606.31759
2026-07-01	2606.31763
2026-07-01	2606.31777
2026-07-01	2606.31800
2026-07-01	2606.31811
2026-07-01	2606.31817
2026-07-01	2606.31825
2026-07-01	2606.31845
2026-07-01	2606.31856
2026-07-01	2606.31858
2026-07-01	2606.31876
2026-07-01	2606.31895
2026-07-01	2606.31921
2026-07-01	2606.31924
2026-07-01	2606.31933
2026-07-01	2606.31941
2026-07-01	2606.31946
2026-07-01	2606.31947
2026-07-01	2606.31959
2026-07-01	2606.31963
2026-07-01	2606.31980
2026-07-01	2606.31981
2026-07-01	2606.31984
2026-07-01	2606.31986
2026-07-01	2606.32000
2026-07-01	2606.32005
2026-07-01	2606.32016
2026-07-01	2606.32017
2026-07-01	2606.32020
2026-07-01	2606.32025
2026-07-01	2606.32027
2026-07-01	2606.32032
2026-07-01	2606.32033
2026-07-01	2606.32034
2026-07-01	2606.32038
2026-07-01	2606.32039
2026-07-02	2607.00680
2026-07-02	2607.00696
2026-07-02	2607.00712
2026-07-02	2607.00714
2026-07-02	2607.00724
2026-07-02	2607.00725
2026-07-02	2607.00726
2026-07-02	2607.00728
2026-07-02	2607.00740
2026-07-02	2607.00766
2026-07-02	2607.00768
2026-07-02	2607.00773
2026-07-02	2607.00798
2026-07-02	2607.00815
2026-07-02	2607.00819
2026-07-02	2607.00861
2026-07-02	2607.00876
2026-07-02	2607.00910
2026-07-02	2607.00927
2026-07-02	2607.00947
2026-07-02	2607.00970
2026-07-02	2607.00974
2026-07-02	2607.01002
2026-07-02	2607.01023
2026-07-02	2607.01025
2026-07-02	2607.01039
2026-07-02	2607.01040
2026-07-02	2607.01050
2026-07-02	2607.01061
2026-07-02	2607.01067
2026-07-02	2607.01086
2026-07-02	2607.01088
2026-07-02	2607.01105
2026-07-02	2607.01117
2026-07-02	2607.01128
2026-07-02	2607.01131
2026-07-02	2607.01133
2026-07-02	2607.01147
2026-07-02	2607.01152
2026-07-02	2607.01161
2026-07-02	2607.01166
2026-07-02	2607.01170
2026-07-02	2607.01179
2026-07-02	2607.01191
2026-07-02	2607.01202
2026-07-02	2607.01209
2026-07-02	2607.01211
2026-07-02	2607.01212
2026-07-02	2607.01222
2026-07-02	2607.01223
2026-07-02	2607.01224
2026-07-02	2607.01225
2026-07-02	2607.01233
2026-07-03	2607.01977
2026-07-03	2607.01978
2026-07-03	2607.01990
2026-07-03	2607.02003
2026-07-03	2607.02007
2026-07-03	2607.02010
2026-07-03	2607.02020
2026-07-03	2607.02038
2026-07-03	2607.02043
2026-07-03	2607.02075
2026-07-03	2607.02079
2026-07-03	2607.02083
2026-07-03	2607.02104
2026-07-03	2607.02115
2026-07-03	2607.02121
2026-07-03	2607.02127
2026-07-03	2607.02137
2026-07-03	2607.02194
2026-07-03	2607.02206
2026-07-03	2607.02220
2026-07-03	2607.02275
2026-07-03	2607.02283
2026-07-03	2607.02290
2026-07-03	2607.02291
2026-07-03	2607.02304
2026-07-03	2607.02307
2026-07-03	2607.02322
2026-07-03	2607.02324
2026-07-03	2607.02329
2026-07-03	2607.02338
2026-07-03	2607.02343
2026-07-03	2607.02375
2026-07-03	2607.02383
2026-07-03	2607.02387
2026-07-03	2607.02401
2026-07-03	2607.02416
2026-07-03	2607.02417
2026-07-03	2607.02421
2026-07-03	2607.02426
2026-07-03	2607.02428
2026-07-03	2607.02444
2026-07-03	2607.02459
2026-07-03	2607.02461
2026-07-03	2607.02469
2026-07-03	2607.02479
2026-07-03	2607.02486
2026-07-03	2607.02494
2026-07-03	2607.02497
2026-07-03	2607.02501
2026-07-03	2607.02502
2026-07-03	2607.02507
2026-07-03	2607.02508
2026-07-03	2607.02512
2026-07-03	2607.02513
2026-07-03	2607.02514
2026-07-03	2607.02516
2026-07-03	2607.02517
2026-07-04	2607.02002
2026-07-04	2607.02024
2026-07-04	2607.02032
2026-07-04	2607.02049
2026-07-04	2607.02091
2026-07-04	2607.02119
2026-07-04	2607.02185
2026-07-04	2607.02187
2026-07-04	2607.02196
2026-07-04	2607.02201
2026-07-04	2607.02203
2026-07-04	2607.02214
2026-07-04	2607.02235
2026-07-04	2607.02247
2026-07-04	2607.02259
2026-07-04	2607.02266
2026-07-04	2607.02269
2026-07-04	2607.02292
2026-07-04	2607.02300
2026-07-04	2607.02303
2026-07-04	2607.02317
2026-07-04	2607.02345
2026-07-04	2607.02368
2026-07-04	2607.02374
2026-07-04	2607.02381
2026-07-04	2607.02402
2026-07-04	2607.02425
2026-07-04	2607.02431
2026-07-04	2607.02435
2026-07-04	2607.02453
2026-07-04	2607.02464
2026-07-04	2607.02466
2026-07-04	2607.02471
2026-07-04	2607.02484
2026-07-04	2607.02490
2026-07-04	2607.02504
2026-07-05	2607.01973
2026-07-05	2607.01974
2026-07-05	2607.01982
2026-07-05	2607.01993
2026-07-05	2607.02025
2026-07-05	2607.02037
2026-07-05	2607.02050
2026-07-05	2607.02055
2026-07-05	2607.02069
2026-07-05	2607.02072
2026-07-05	2607.02087
2026-07-05	2607.02092
2026-07-05	2607.02097
2026-07-05	2607.02099
2026-07-05	2607.02116
2026-07-05	2607.02131
2026-07-05	2607.02141
2026-07-05	2607.02148
2026-07-05	2607.02156
2026-07-05	2607.02222
2026-07-05	2607.02234
2026-07-05	2607.02376
2026-07-05	2607.02432
2026-07-05	2607.02440
2026-07-05	2607.02460
2026-07-05	2607.02473
2026-07-05	2607.02499
2026-07-05	2607.02509
2026-07-06	2607.01983
2026-07-06	2607.01988
2026-07-06	2607.02018
2026-07-06	2607.02047
2026-07-06	2607.02073
2026-07-06	2607.02344
2026-07-06	2607.02389
2026-07-06	2607.02390
2026-07-06	2607.02391
2026-07-06	2607.02403
2026-07-06	2607.02404
2026-07-06	2607.02407
2026-07-06	2607.02423
2026-07-06	2607.02436
2026-07-06	2607.02437
2026-07-06	2607.02447
2026-07-06	2607.02467
2026-07-06	2607.02491
2026-07-06	2607.02496
2026-07-06	2607.02515
2026-07-07	2607.04852
2026-07-07	2607.04857
2026-07-07	2607.04887
2026-07-07	2607.04935
2026-07-07	2607.04941
2026-07-07	2607.04945
2026-07-07	2607.04982
2026-07-07	2607.04993
2026-07-07	2607.05009
2026-07-07	2607.05019
2026-07-07	2607.05031
2026-07-07	2607.05052
2026-07-07	2607.05056
2026-07-07	2607.05069
2026-07-07	2607.05088
2026-07-07	2607.05100
2026-07-07	2607.05113
2026-07-07	2607.05147
2026-07-07	2607.05155
2026-07-07	2607.05171
2026-07-07	2607.05180
2026-07-07	2607.05196
2026-07-07	2607.05198
2026-07-07	2607.05217
2026-07-07	2607.05222
2026-07-07	2607.05238
2026-07-07	2607.05264
2026-07-07	2607.05268
2026-07-07	2607.05272
2026-07-07	2607.05274
2026-07-07	2607.05281
2026-07-07	2607.05290
2026-07-07	2607.05297
2026-07-07	2607.05310
2026-07-07	2607.05317
2026-07-07	2607.05319
2026-07-07	2607.05348
2026-07-07	2607.05352
2026-07-07	2607.05354
2026-07-07	2607.05363
2026-07-07	2607.05364
2026-07-07	2607.05365
2026-07-07	2607.05373
2026-07-07	2607.05376
2026-07-07	2607.05377
2026-07-07	2607.05381
2026-07-07	2607.05382
2026-07-07	2607.05390
2026-07-07	2607.05391
2026-07-07	2607.05394
2026-07-07	2607.05396
2026-07-08	2607.05895
2026-07-08	2607.05904
2026-07-08	2607.05968
2026-07-08	2607.05970
2026-07-08	2607.05978
2026-07-08	2607.05993
2026-07-08	2607.05994
2026-07-08	2607.06001
2026-07-08	2607.06009
2026-07-08	2607.06032
2026-07-08	2607.06107
2026-07-08	2607.06114
2026-07-08	2607.06120
2026-07-08	2607.06144
2026-07-08	2607.06155
2026-07-08	2607.06162
2026-07-08	2607.06166
2026-07-08	2607.06173
2026-07-08	2607.06202
2026-07-08	2607.06238
2026-07-08	2607.06291
2026-07-08	2607.06306
2026-07-08	2607.06326
2026-07-08	2607.06327
2026-07-08	2607.06335
2026-07-08	2607.06337
2026-07-08	2607.06341
2026-07-08	2607.06382
2026-07-08	2607.06405
2026-07-08	2607.06407
2026-07-08	2607.06432
2026-07-08	2607.06440
2026-07-08	2607.06445
2026-07-08	2607.06447
2026-07-08	2607.06461
2026-07-08	2607.06472
2026-07-08	2607.06481
2026-07-08	2607.06485
2026-07-08	2607.06495
2026-07-08	2607.06497
2026-07-08	2607.06503
2026-07-08	2607.06505
2026-07-08	2607.06507
2026-07-08	2607.06516
2026-07-08	2607.06519
2026-07-08	2607.06523
2026-07-08	2607.06527
2026-07-08	2607.06534
2026-07-08	2607.06540
2026-07-08	2607.06542
2026-07-08	2607.06544
2026-07-08	2607.06546
2026-07-08	2607.06553
2026-07-08	2607.06555
2026-07-08	2607.06560
2026-07-08	2607.06564
2026-07-08	2607.06565
2026-07-09	2607.07001
2026-07-09	2607.07026
2026-07-09	2607.07046
2026-07-09	2607.07072
2026-07-09	2607.07085
2026-07-09	2607.07108
2026-07-09	2607.07141
2026-07-09	2607.07173
2026-07-09	2607.07207
2026-07-09	2607.07209
2026-07-09	2607.07232
2026-07-09	2607.07233
2026-07-09	2607.07267
2026-07-09	2607.07282
2026-07-09	2607.07302
2026-07-09	2607.07318
2026-07-09	2607.07338
2026-07-09	2607.07361
2026-07-09	2607.07370
2026-07-09	2607.07380
2026-07-09	2607.07382
2026-07-09	2607.07383
2026-07-09	2607.07395
2026-07-09	2607.07459
2026-07-09	2607.07507
2026-07-09	2607.07534
2026-07-09	2607.07545
2026-07-09	2607.07548
2026-07-09	2607.07553
2026-07-09	2607.07573
2026-07-09	2607.07601
2026-07-09	2607.07608
2026-07-09	2607.07663
2026-07-09	2607.07665
2026-07-09	2607.07666
2026-07-09	2607.07669
2026-07-09	2607.07673
2026-07-09	2607.07674
2026-07-09	2607.07675
2026-07-09	2607.07678
2026-07-09	2607.07682
2026-07-09	2607.07683
2026-07-09	2607.07687
2026-07-09	2607.07690
2026-07-09	2607.07693
2026-07-09	2607.07695
2026-07-09	2607.07696
2026-07-09	2607.07706
2026-07-09	2607.07707
2026-07-09	2607.07708
2026-07-10	2607.08202
2026-07-10	2607.08241
2026-07-10	2607.08256
2026-07-10	2607.08257
2026-07-10	2607.08269
2026-07-10	2607.08312
2026-07-10	2607.08317
2026-07-10	2607.08331
2026-07-10	2607.08337
2026-07-10	2607.08346
2026-07-10	2607.08357
2026-07-10	2607.08358
2026-07-10	2607.08359
2026-07-10	2607.08362
2026-07-10	2607.08365
2026-07-10	2607.08375
2026-07-10	2607.08382
2026-07-10	2607.08392
2026-07-10	2607.08407
2026-07-10	2607.08409
2026-07-10	2607.08417
2026-07-10	2607.08434
2026-07-10	2607.08456
2026-07-10	2607.08470
2026-07-10	2607.08475
2026-07-10	2607.08497
2026-07-10	2607.08499
2026-07-10	2607.08515
2026-07-10	2607.08529
2026-07-10	2607.08540
2026-07-10	2607.08545
2026-07-10	2607.08565
2026-07-10	2607.08572
2026-07-10	2607.08602
2026-07-10	2607.08651
2026-07-10	2607.08652
2026-07-10	2607.08662
2026-07-10	2607.08703
2026-07-10	2607.08705
2026-07-10	2607.08716
2026-07-10	2607.08717
2026-07-10	2607.08724
2026-07-10	2607.08725
2026-07-10	2607.08734
2026-07-10	2607.08741
2026-07-10	2607.08757
2026-07-10	2607.08758
2026-07-10	2607.08763
2026-07-10	2607.08765
2026-07-10	2607.08766
2026-07-10	2607.08768
2026-07-10	2607.08769
2026-07-10	2607.08770
2026-07-11	2607.08194
2026-07-11	2607.08244
2026-07-11	2607.08313
2026-07-11	2607.08368
2026-07-11	2607.08371
2026-07-11	2607.08374
2026-07-11	2607.08380
2026-07-11	2607.08395
2026-07-11	2607.08398
2026-07-11	2607.08400
2026-07-11	2607.08403
2026-07-11	2607.08408
2026-07-11	2607.08427
2026-07-11	2607.08440
2026-07-11	2607.08444
2026-07-11	2607.08454
2026-07-11	2607.08459
2026-07-11	2607.08489
2026-07-11	2607.08490
2026-07-11	2607.08493
2026-07-11	2607.08495
2026-07-11	2607.08503
2026-07-11	2607.08514
2026-07-11	2607.08522
2026-07-11	2607.08533
2026-07-11	2607.08535
2026-07-11	2607.08537
2026-07-11	2607.08538
2026-07-11	2607.08539
2026-07-11	2607.08573
2026-07-11	2607.08601
2026-07-11	2607.08605
2026-07-11	2607.08625
2026-07-11	2607.08639
2026-07-11	2607.08642
2026-07-11	2607.08665
2026-07-11	2607.08688
2026-07-11	2607.08731
2026-07-11	2607.08745
2026-07-12	2607.08161
2026-07-12	2607.08173
2026-07-12	2607.08180
2026-07-12	2607.08182
2026-07-12	2607.08186
2026-07-12	2607.08193
2026-07-12	2607.08203
2026-07-12	2607.08208
2026-07-12	2607.08215
2026-07-12	2607.08221
2026-07-12	2607.08227
2026-07-12	2607.08233
2026-07-12	2607.08234
2026-07-12	2607.08238
2026-07-12	2607.08249
2026-07-12	2607.08252
2026-07-12	2607.08255
2026-07-12	2607.08267
2026-07-12	2607.08268
2026-07-12	2607.08270
2026-07-12	2607.08303
2026-07-12	2607.08347
2026-07-12	2607.08349
2026-07-12	2607.08377
2026-07-12	2607.08386
2026-07-12	2607.08393
2026-07-12	2607.08423
2026-07-12	2607.08504
2026-07-12	2607.08681
2026-07-12	2607.08691
2026-07-13	2607.09039
2026-07-13	2607.09042
2026-07-13	2607.09067
2026-07-13	2607.09068
2026-07-13	2607.09091
2026-07-13	2607.09094
2026-07-13	2607.09108
2026-07-13	2607.09126
2026-07-13	2607.09133
2026-07-13	2607.09134
2026-07-13	2607.09135
2026-07-13	2607.09142
2026-07-13	2607.09151
2026-07-13	2607.09153
2026-07-13	2607.09170
2026-07-13	2607.09207
2026-07-13	2607.09218
2026-07-13	2607.09225
2026-07-13	2607.09262
2026-07-13	2607.09263
2026-07-13	2607.09267
2026-07-13	2607.09305
2026-07-13	2607.09328
2026-07-13	2607.09349
2026-07-13	2607.09362
2026-07-13	2607.09375
2026-07-13	2607.09385
2026-07-13	2607.09424
2026-07-13	2607.09452
2026-07-13	2607.09487
2026-07-13	2607.09492
2026-07-13	2607.09493
2026-07-13	2607.09501
2026-07-13	2607.09502
2026-07-13	2607.09503
2026-07-13	2607.09510
2026-07-13	2607.09520
2026-07-13	2607.09521
2026-07-13	2607.09522
2026-07-13	2607.09526
2026-07-13	2607.09530
2026-07-13	2607.09540
2026-07-13	2607.09544
2026-07-13	2607.09576
2026-07-13	2607.09581
2026-07-13	2607.09598
2026-07-13	2607.09603
2026-07-13	2607.09626
2026-07-13	2607.09632
2026-07-13	2607.09662
2026-07-14	2607.11245
2026-07-14	2607.11257
2026-07-14	2607.11273
2026-07-14	2607.11281
2026-07-14	2607.11287
2026-07-14	2607.11310
2026-07-14	2607.11326
2026-07-14	2607.11354
2026-07-14	2607.11388
2026-07-14	2607.11392
2026-07-14	2607.11415
2026-07-14	2607.11436
2026-07-14	2607.11442
2026-07-14	2607.11459
2026-07-14	2607.11464
2026-07-14	2607.11486
2026-07-14	2607.11496
2026-07-14	2607.11579
2026-07-14	2607.11586
2026-07-14	2607.11588
2026-07-14	2607.11598
2026-07-14	2607.11607
2026-07-14	2607.11621
2026-07-14	2607.11643
2026-07-14	2607.11655
2026-07-14	2607.11667
2026-07-14	2607.11681
2026-07-14	2607.11683
2026-07-14	2607.11707
2026-07-14	2607.11715
2026-07-14	2607.11736
2026-07-14	2607.11751
2026-07-14	2607.11752
2026-07-14	2607.11754
2026-07-14	2607.11758
2026-07-14	2607.11783
2026-07-14	2607.11796
2026-07-14	2607.11801
2026-07-14	2607.11818
2026-07-14	2607.11836
2026-07-14	2607.11838
2026-07-14	2607.11844
2026-07-14	2607.11849
2026-07-14	2607.11859
2026-07-14	2607.11862
2026-07-14	2607.11871
2026-07-14	2607.11875
2026-07-14	2607.11881
2026-07-14	2607.11883
2026-07-14	2607.11885
2026-07-14	2607.11886
2026-07-15	2607.12383
2026-07-15	2607.12391
2026-07-15	2607.12392
2026-07-15	2607.12425
2026-07-15	2607.12438
2026-07-15	2607.12441
2026-07-15	2607.12463
2026-07-15	2607.12464
2026-07-15	2607.12477
2026-07-15	2607.12527
2026-07-15	2607.12539
2026-07-15	2607.12550
2026-07-15	2607.12592
2026-07-15	2607.12606
2026-07-15	2607.12614
2026-07-15	2607.12616
2026-07-15	2607.12620
2026-07-15	2607.12649
2026-07-15	2607.12650
2026-07-15	2607.12686
2026-07-15	2607.12714
2026-07-15	2607.12739
2026-07-15	2607.12756
2026-07-15	2607.12763
2026-07-15	2607.12764
2026-07-15	2607.12767
2026-07-15	2607.12786
2026-07-15	2607.12796
2026-07-15	2607.12800
2026-07-15	2607.12815
2026-07-15	2607.12818
2026-07-15	2607.12820
2026-07-15	2607.12829
2026-07-15	2607.12903
2026-07-15	2607.12911
2026-07-15	2607.12917
2026-07-15	2607.12922
2026-07-15	2607.12937
2026-07-15	2607.12945
2026-07-15	2607.12963
2026-07-15	2607.12975
2026-07-15	2607.12982
2026-07-15	2607.12985
2026-07-15	2607.12987
2026-07-15	2607.12993
2026-07-15	2607.13003
2026-07-15	2607.13006
2026-07-15	2607.13010
2026-07-15	2607.13017
2026-07-15	2607.13022
2026-07-15	2607.13028
2026-07-15	2607.13031
2026-07-15	2607.13034
2026-07-16	2607.13457
2026-07-16	2607.13460
2026-07-16	2607.13471
2026-07-16	2607.13501
2026-07-16	2607.13527
2026-07-16	2607.13531
2026-07-16	2607.13551
2026-07-16	2607.13562
2026-07-16	2607.13565
2026-07-16	2607.13604
2026-07-16	2607.13612
2026-07-16	2607.13614
2026-07-16	2607.13617
2026-07-16	2607.13634
2026-07-16	2607.13636
2026-07-16	2607.13642
2026-07-16	2607.13653
2026-07-16	2607.13660
2026-07-16	2607.13677
2026-07-16	2607.13681
2026-07-16	2607.13682
2026-07-16	2607.13707
2026-07-16	2607.13712
2026-07-16	2607.13716
2026-07-16	2607.13721
2026-07-16	2607.13728
2026-07-16	2607.13749
2026-07-16	2607.13763
2026-07-16	2607.13770
2026-07-16	2607.13782
2026-07-16	2607.13800
2026-07-16	2607.13812
2026-07-16	2607.13826
2026-07-16	2607.13841
2026-07-16	2607.13860
2026-07-16	2607.13892
2026-07-16	2607.13918
2026-07-16	2607.13921
2026-07-16	2607.13927
2026-07-16	2607.13931
2026-07-16	2607.13934
2026-07-16	2607.13936
2026-07-16	2607.13943
2026-07-16	2607.13967
2026-07-16	2607.13977
2026-07-16	2607.13978
2026-07-16	2607.14004
2026-07-16	2607.14005
2026-07-16	2607.14006
2026-07-16	2607.14035
2026-07-16	2607.14076
2026-07-16	2607.14086
2026-07-16	2607.14088
2026-07-17	2607.14635
2026-07-17	2607.14651
2026-07-17	2607.14681
2026-07-17	2607.14682
2026-07-17	2607.14709
2026-07-17	2607.14731
2026-07-17	2607.14735
2026-07-17	2607.14739
2026-07-17	2607.14765
2026-07-17	2607.14770
2026-07-17	2607.14798
2026-07-17	2607.14807
2026-07-17	2607.14835
2026-07-17	2607.14853
2026-07-17	2607.14877
2026-07-17	2607.14880
2026-07-17	2607.14888
2026-07-17	2607.14898
2026-07-17	2607.14908
2026-07-17	2607.14937
2026-07-17	2607.14945
2026-07-17	2607.14947
2026-07-17	2607.14962
2026-07-17	2607.14975
2026-07-17	2607.14976
2026-07-17	2607.14990
2026-07-17	2607.15001
2026-07-17	2607.15058
2026-07-17	2607.15092
2026-07-17	2607.15094
2026-07-17	2607.15114
2026-07-17	2607.15115
2026-07-17	2607.15175
2026-07-17	2607.15176
2026-07-17	2607.15178
2026-07-17	2607.15185
2026-07-17	2607.15190
2026-07-17	2607.15196
2026-07-17	2607.15200
2026-07-17	2607.15205
2026-07-17	2607.15209
2026-07-17	2607.15216
2026-07-17	2607.15227
2026-07-17	2607.15231
2026-07-17	2607.15240
2026-07-17	2607.15242
2026-07-17	2607.15253
2026-07-17	2607.15257
2026-07-17	2607.15263
2026-07-17	2607.15265
2026-07-17	2607.15271
2026-07-17	2607.15272
2026-07-17	2607.15273
2026-07-17	2607.15275
2026-07-17	2607.15277
2026-07-17	2607.15278
2026-07-18	2607.14618
2026-07-18	2607.14661
2026-07-18	2607.14672
2026-07-18	2607.14733
2026-07-18	2607.14737
2026-07-18	2607.14749
2026-07-18	2607.14753
2026-07-18	2607.14769
2026-07-18	2607.14809
2026-07-18	2607.14817
2026-07-18	2607.14836
2026-07-18	2607.14846
2026-07-18	2607.14882
2026-07-18	2607.14894
2026-07-18	2607.14935
2026-07-18	2607.14966
2026-07-18	2607.14967
2026-07-18	2607.14970
2026-07-18	2607.14974
2026-07-18	2607.14984
2026-07-18	2607.14995
2026-07-18	2607.15033
2026-07-18	2607.15038
2026-07-18	2607.15054
2026-07-18	2607.15079
2026-07-18	2607.15095
2026-07-18	2607.15128
2026-07-18	2607.15163
2026-07-18	2607.15166
2026-07-18	2607.15182
2026-07-18	2607.15218
2026-07-18	2607.15229
2026-07-18	2607.15232
2026-07-18	2607.15238
2026-07-18	2607.15255
2026-07-18	2607.15267
2026-07-19	2607.14622
2026-07-19	2607.14631
2026-07-19	2607.14640
2026-07-19	2607.14641
2026-07-19	2607.14647
2026-07-19	2607.14652
2026-07-19	2607.14660
2026-07-19	2607.14675
2026-07-19	2607.14683
2026-07-19	2607.14684
2026-07-19	2607.14702
2026-07-19	2607.14720
2026-07-19	2607.14721
2026-07-19	2607.14726
2026-07-19	2607.14727
2026-07-19	2607.14729
2026-07-19	2607.14756
2026-07-19	2607.14890
2026-07-19	2607.14896
2026-07-19	2607.14905
2026-07-19	2607.14989
2026-07-19	2607.15053
2026-07-19	2607.15065
2026-07-19	2607.15105
2026-07-19	2607.15146
2026-07-19	2607.15161
2026-07-19	2607.15241
2026-07-19	2607.15246
2026-07-19	2607.15254
2026-07-19	2607.15268
2026-07-20	2607.15562
2026-07-20	2607.15565
2026-07-20	2607.15569
2026-07-20	2607.15591
2026-07-20	2607.15619
2026-07-20	2607.15620
2026-07-20	2607.15650
2026-07-20	2607.15655
2026-07-20	2607.15660
2026-07-20	2607.15667
2026-07-20	2607.15687
2026-07-20	2607.15693
2026-07-20	2607.15730
2026-07-20	2607.15736
2026-07-20	2607.15768
2026-07-20	2607.15771
2026-07-20	2607.15772
2026-07-20	2607.15845
2026-07-20	2607.15847
2026-07-20	2607.15849
2026-07-20	2607.15861
2026-07-20	2607.15870
2026-07-20	2607.15875
2026-07-20	2607.15879
2026-07-20	2607.15893
2026-07-20	2607.15901
2026-07-20	2607.15928
2026-07-20	2607.15942
2026-07-20	2607.16007
2026-07-20	2607.16015
2026-07-20	2607.16019
2026-07-20	2607.16038
2026-07-20	2607.16050
2026-07-20	2607.16057
2026-07-20	2607.16060
2026-07-20	2607.16072
2026-07-20	2607.16074
2026-07-20	2607.16087
2026-07-20	2607.16089
2026-07-20	2607.16094
2026-07-20	2607.16097
2026-07-20	2607.16100
2026-07-20	2607.16107
2026-07-20	2607.16109
2026-07-20	2607.16117
2026-07-20	2607.16122
2026-07-20	2607.16133
2026-07-20	2607.16144
2026-07-20	2607.16154
2026-07-20	2607.16156
2026-07-20	2607.16165
2026-07-20	2607.16177
2026-07-20	2607.16189
2026-07-20	2607.16190
2026-07-20	2607.16192
2026-07-21	2607.17675
2026-07-21	2607.17700
2026-07-21	2607.17710
2026-07-21	2607.17742
2026-07-21	2607.17766
2026-07-21	2607.17768
2026-07-21	2607.17773
2026-07-21	2607.17779
2026-07-21	2607.17823
2026-07-21	2607.17828
2026-07-21	2607.17834
2026-07-21	2607.17849
2026-07-21	2607.17884
2026-07-21	2607.17890
2026-07-21	2607.17933
2026-07-21	2607.17972
2026-07-21	2607.17985
2026-07-21	2607.17986
2026-07-21	2607.17999
2026-07-21	2607.18002
2026-07-21	2607.18014
2026-07-21	2607.18020
2026-07-21	2607.18027
2026-07-21	2607.18029
2026-07-21	2607.18042
2026-07-21	2607.18045
2026-07-21	2607.18056
2026-07-21	2607.18063
2026-07-21	2607.18064
2026-07-21	2607.18066
2026-07-21	2607.18069
2026-07-21	2607.18074
2026-07-21	2607.18077
2026-07-21	2607.18080
2026-07-21	2607.18086
2026-07-21	2607.18091
2026-07-21	2607.18097
2026-07-21	2607.18102
2026-07-21	2607.18109
2026-07-21	2607.18110
2026-07-21	2607.18114
2026-07-21	2607.18116
2026-07-21	2607.18141
2026-07-21	2607.18147
2026-07-21	2607.18152
2026-07-21	2607.18171
2026-07-21	2607.18178
2026-07-21	2607.18187
2026-07-21	2607.18198
2026-07-21	2607.18200
2026-07-21	2607.18217
2026-07-21	2607.18218
2026-07-21	2607.18230
2026-07-21	2607.18232
2026-07-21	2607.18235
2026-07-21	2607.18236
2026-07-21	2607.18237
2026-07-22	2607.18787
2026-07-22	2607.18789
2026-07-22	2607.18796
2026-07-22	2607.18826
2026-07-22	2607.18839
2026-07-22	2607.18845
2026-07-22	2607.18867
2026-07-22	2607.18913
2026-07-22	2607.18924
2026-07-22	2607.18927
2026-07-22	2607.18934
2026-07-22	2607.18957
2026-07-22	2607.18966
2026-07-22	2607.18984
2026-07-22	2607.18988
2026-07-22	2607.19033
2026-07-22	2607.19038
2026-07-22	2607.19058
2026-07-22	2607.19063
2026-07-22	2607.19064
2026-07-22	2607.19069
2026-07-22	2607.19086
2026-07-22	2607.19102
2026-07-22	2607.19111
2026-07-22	2607.19115
2026-07-22	2607.19128
2026-07-22	2607.19139
2026-07-22	2607.19143
2026-07-22	2607.19158
2026-07-22	2607.19171
2026-07-22	2607.19178
2026-07-22	2607.19189
2026-07-22	2607.19190
2026-07-22	2607.19191
2026-07-22	2607.19194
2026-07-22	2607.19198
2026-07-22	2607.19214
2026-07-22	2607.19228
2026-07-22	2607.19235
2026-07-22	2607.19243
2026-07-22	2607.19257
2026-07-22	2607.19261
2026-07-22	2607.19267
2026-07-22	2607.19292
2026-07-22	2607.19301
2026-07-22	2607.19305
2026-07-22	2607.19306
2026-07-22	2607.19321
2026-07-22	2607.19322
2026-07-22	2607.19331
2026-07-22	2607.19332
2026-07-22	2607.19333
2026-07-22	2607.19335
2026-07-22	2607.19341
2026-07-22	2607.19343
2026-07-22	2607.19344
2026-07-23	2607.19790
2026-07-23	2607.19794
2026-07-23	2607.19802
2026-07-23	2607.19836
2026-07-23	2607.19854
2026-07-23	2607.19857
2026-07-23	2607.19876
2026-07-23	2607.19889
2026-07-23	2607.19893
2026-07-23	2607.19895
2026-07-23	2607.19919
2026-07-23	2607.19923
2026-07-23	2607.19932
2026-07-23	2607.19935
2026-07-23	2607.19947
2026-07-23	2607.19949
2026-07-23	2607.19956
2026-07-23	2607.19957
2026-07-23	2607.19987
2026-07-23	2607.20005
2026-07-23	2607.20019
2026-07-23	2607.20048
2026-07-23	2607.20057
2026-07-23	2607.20082
2026-07-23	2607.20092
2026-07-23	2607.20121
2026-07-23	2607.20125
2026-07-23	2607.20136
2026-07-23	2607.20141
2026-07-23	2607.20145
2026-07-23	2607.20166
2026-07-23	2607.20171
2026-07-23	2607.20174
2026-07-23	2607.20175
2026-07-23	2607.20219
2026-07-23	2607.20225
2026-07-23	2607.20241
2026-07-23	2607.20247
2026-07-23	2607.20251
2026-07-23	2607.20270
2026-07-23	2607.20274
2026-07-23	2607.20291
2026-07-23	2607.20293
2026-07-23	2607.20327
2026-07-23	2607.20339
2026-07-23	2607.20349
2026-07-23	2607.20368
2026-07-23	2607.20378
2026-07-23	2607.20379
2026-07-23	2607.20385
2026-07-23	2607.20389
2026-07-23	2607.20393
2026-07-23	2607.20402
2026-07-23	2607.20410
2026-07-23	2607.20417
2026-07-24	2607.21065
2026-07-24	2607.21101
2026-07-24	2607.21105
2026-07-24	2607.21155
2026-07-24	2607.21189
2026-07-24	2607.21191
2026-07-24	2607.21192
2026-07-24	2607.21197
2026-07-24	2607.21224
2026-07-24	2607.21255
2026-07-24	2607.21271
2026-07-24	2607.21318
2026-07-24	2607.21327
2026-07-24	2607.21333
2026-07-24	2607.21343
2026-07-24	2607.21356
2026-07-24	2607.21372
2026-07-24	2607.21384
2026-07-24	2607.21401
2026-07-24	2607.21403
2026-07-24	2607.21407
2026-07-24	2607.21424
2026-07-24	2607.21444
2026-07-24	2607.21446
2026-07-24	2607.21447
2026-07-24	2607.21448
2026-07-24	2607.21458
2026-07-24	2607.21461
2026-07-24	2607.21471
2026-07-24	2607.21480
2026-07-24	2607.21491
2026-07-24	2607.21496
2026-07-24	2607.21503
2026-07-24	2607.21519
2026-07-24	2607.21522
2026-07-24	2607.21529
2026-07-24	2607.21530
2026-07-24	2607.21535
2026-07-24	2607.21540
2026-07-24	2607.21547
2026-07-24	2607.21550
2026-07-24	2607.21553
2026-07-24	2607.21556
2026-07-24	2607.21557
2026-07-24	2607.21558
2026-07-24	2607.21562
2026-07-24	2607.21574
2026-07-24	2607.21579
2026-07-24	2607.21580
2026-07-24	2607.21582
2026-07-24	2607.21585
2026-07-24	2607.21591
2026-07-24	2607.21592
2026-07-24	2607.21594
2026-07-25	2607.21061
2026-07-25	2607.21071
2026-07-25	2607.21072
2026-07-25	2607.21074
2026-07-25	2607.21075
2026-07-25	2607.21076
2026-07-25	2607.21106
2026-07-25	2607.21125
2026-07-25	2607.21151
2026-07-25	2607.21179
2026-07-25	2607.21180
2026-07-25	2607.21182
2026-07-25	2607.21199
2026-07-25	2607.21200
2026-07-25	2607.21217
2026-07-25	2607.21243
2026-07-25	2607.21263
2026-07-25	2607.21273
2026-07-25	2607.21274
2026-07-25	2607.21300
2026-07-25	2607.21325
2026-07-25	2607.21326
2026-07-25	2607.21332
2026-07-25	2607.21351
2026-07-25	2607.21353
2026-07-25	2607.21354
2026-07-25	2607.21368
2026-07-25	2607.21391
2026-07-25	2607.21402
2026-07-25	2607.21405
2026-07-25	2607.21416
2026-07-25	2607.21417
2026-07-25	2607.21421
2026-07-25	2607.21445
2026-07-25	2607.21453
2026-07-25	2607.21475
2026-07-25	2607.21498
2026-07-25	2607.21513
2026-07-25	2607.21552
2026-07-25	2607.21570
2026-07-25	2607.21595
2026-07-26	2607.21036
2026-07-26	2607.21042
2026-07-26	2607.21051
2026-07-26	2607.21057
2026-07-26	2607.21063
2026-07-26	2607.21067
2026-07-26	2607.21069
2026-07-26	2607.21080
2026-07-26	2607.21085
2026-07-26	2607.21094
2026-07-26	2607.21120
2026-07-26	2607.21131
2026-07-26	2607.21239
2026-07-26	2607.21284
2026-07-26	2607.21306
2026-07-26	2607.21412
2026-07-26	2607.21419
2026-07-26	2607.21468
2026-07-26	2607.21482
2026-07-26	2607.21488
2026-07-26	2607.21517
2026-07-26	2607.21518
2026-07-26	2607.21546
2026-07-26	2607.21573
2026-07-26	2607.21576
2026-07-26	2607.21577
2026-07-28	2607.24165
2026-07-28	2607.24168
2026-07-28	2607.24215
2026-07-28	2607.24241
2026-07-28	2607.24255
2026-07-28	2607.24259
2026-07-28	2607.24260
2026-07-28	2607.24276
2026-07-28	2607.24304
2026-07-28	2607.24312
2026-07-28	2607.24313
2026-07-28	2607.24339
2026-07-28	2607.24359
2026-07-28	2607.24368
2026-07-28	2607.24377
2026-07-28	2607.24425
2026-07-28	2607.24430
2026-07-28	2607.24436
2026-07-28	2607.24439
2026-07-28	2607.24453
2026-07-28	2607.24495
2026-07-28	2607.24507
2026-07-28	2607.24516
2026-07-28	2607.24522
2026-07-28	2607.24542
2026-07-28	2607.24553
2026-07-28	2607.24554
2026-07-28	2607.24555
2026-07-28	2607.24560
2026-07-28	2607.24563
2026-07-28	2607.24570
2026-07-28	2607.24591
2026-07-28	2607.24607
2026-07-28	2607.24651
2026-07-28	2607.24653
2026-07-28	2607.24662
2026-07-28	2607.24663
2026-07-28	2607.24665
2026-07-28	2607.24686
2026-07-28	2607.24688
2026-07-28	2607.24692
2026-07-28	2607.24706
2026-07-28	2607.24707
2026-07-28	2607.24714
2026-07-28	2607.24720
2026-07-28	2607.24726
2026-07-28	2607.24729
2026-07-28	2607.24731
2026-07-28	2607.24732
2026-07-28	2607.24741
2026-07-28	2607.24743
2026-07-28	2607.24744
2026-07-29	2607.25422
2026-07-29	2607.25471
2026-07-29	2607.25485
2026-07-29	2607.25487
2026-07-29	2607.25504
2026-07-29	2607.25514
2026-07-29	2607.25517
2026-07-29	2607.25522
2026-07-29	2607.25532
2026-07-29	2607.25566
2026-07-29	2607.25622
2026-07-29	2607.25634
2026-07-29	2607.25641
2026-07-29	2607.25664
2026-07-29	2607.25668
2026-07-29	2607.25672
2026-07-29	2607.25687
2026-07-29	2607.25750
2026-07-29	2607.25763
2026-07-29	2607.25794
2026-07-29	2607.25802
2026-07-29	2607.25814
2026-07-29	2607.25815
2026-07-29	2607.25823
2026-07-29	2607.25835
2026-07-29	2607.25865
2026-07-29	2607.25866
2026-07-29	2607.25880
2026-07-29	2607.25888
2026-07-29	2607.25894
2026-07-29	2607.25895
2026-07-29	2607.25901
2026-07-29	2607.25911
2026-07-29	2607.25912
2026-07-29	2607.25916
2026-07-29	2607.25926
2026-07-29	2607.25933
2026-07-29	2607.25947
2026-07-29	2607.25948
2026-07-29	2607.25956
2026-07-29	2607.25959
2026-07-29	2607.25967
2026-07-29	2607.25970
2026-07-29	2607.25984
2026-07-29	2607.25989
2026-07-29	2607.25993
2026-07-29	2607.25995
2026-07-29	2607.26004
2026-07-29	2607.26015
2026-07-29	2607.26016
2026-07-29	2607.26023
2026-07-29	2607.26037
2026-07-29	2607.26055
2026-07-30	2607.26618
2026-07-30	2607.26621
2026-07-30	2607.26647
2026-07-30	2607.26654
2026-07-30	2607.26694
2026-07-30	2607.26706
2026-07-30	2607.26715
2026-07-30	2607.26723
2026-07-30	2607.26726
2026-07-30	2607.26735
2026-07-30	2607.26742
2026-07-30	2607.26788
2026-07-30	2607.26795
2026-07-30	2607.26811
2026-07-30	2607.26817
2026-07-30	2607.26818
2026-07-30	2607.26829
2026-07-30	2607.26860
2026-07-30	2607.26877
2026-07-30	2607.26886
2026-07-30	2607.26887
2026-07-30	2607.26891
2026-07-30	2607.26903
2026-07-30	2607.26927
2026-07-30	2607.26933
2026-07-30	2607.26935
2026-07-30	2607.26952
2026-07-30	2607.26967
2026-07-30	2607.26977
2026-07-30	2607.26981
2026-07-30	2607.27017
2026-07-30	2607.27027
2026-07-30	2607.27030
2026-07-30	2607.27036
2026-07-30	2607.27055
2026-07-30	2607.27066
2026-07-30	2607.27069
2026-07-30	2607.27078
2026-07-30	2607.27084
2026-07-30	2607.27090
2026-07-30	2607.27106
2026-07-30	2607.27109
2026-07-30	2607.27134
2026-07-30	2607.27136
2026-07-30	2607.27143
2026-07-30	2607.27146
2026-07-30	2607.27152
2026-07-30	2607.27154
2026-07-30	2607.27169
2026-07-30	2607.27172
2026-07-30	2607.27178
2026-07-30	2607.27180
2026-07-30	2607.27191
2026-07-30	2607.27194
2026-07-30	2607.27201
2026-07-30	2607.27205
2026-07-31	2607.28070
2026-07-31	2607.28100
2026-07-31	2607.28101
2026-07-31	2607.28109
2026-07-31	2607.28127
2026-07-31	2607.28144
2026-07-31	2607.28166
2026-07-31	2607.28211
2026-07-31	2607.28223
2026-07-31	2607.28227
2026-07-31	2607.28229
2026-07-31	2607.28243
2026-07-31	2607.28261
2026-07-31	2607.28274
2026-07-31	2607.28311
2026-07-31	2607.28312
2026-07-31	2607.28318
2026-07-31	2607.28336
2026-07-31	2607.28344
2026-07-31	2607.28362
2026-07-31	2607.28374
2026-07-31	2607.28377
2026-07-31	2607.28390
2026-07-31	2607.28397
2026-07-31	2607.28399
2026-07-31	2607.28407
2026-07-31	2607.28428
2026-07-31	2607.28466
2026-07-31	2607.28476
2026-07-31	2607.28487
2026-07-31	2607.28496
2026-07-31	2607.28498
2026-07-31	2607.28513
2026-07-31	2607.28520
2026-07-31	2607.28522
2026-07-31	2607.28538
2026-07-31	2607.28545
2026-07-31	2607.28553
2026-07-31	2607.28565
2026-07-31	2607.28567
2026-07-31	2607.28571
2026-07-31	2607.28582
2026-07-31	2607.28590
2026-07-31	2607.28595
2026-07-31	2607.28607
2026-07-31	2607.28608
2026-07-31	2607.28609
2026-07-31	2607.28611
2026-07-31	2607.28617
2026-07-31	2607.28618
2026-07-31	2607.28624
2026-07-31	2607.28625
2026-07-31	2607.28627
2026-08-01	2607.28082
2026-08-01	2607.28087
2026-08-01	2607.28136
2026-08-01	2607.28150
2026-08-01	2607.28156
2026-08-01	2607.28175
2026-08-01	2607.28186
2026-08-01	2607.28191
2026-08-01	2607.28193
2026-08-01	2607.28196
2026-08-01	2607.28236
2026-08-01	2607.28263
2026-08-01	2607.28269
2026-08-01	2607.28290
2026-08-01	2607.28308
2026-08-01	2607.28327
2026-08-01	2607.28338
2026-08-01	2607.28341
2026-08-01	2607.28359
2026-08-01	2607.28375
2026-08-01	2607.28394
2026-08-01	2607.28423
2026-08-01	2607.28442
2026-08-01	2607.28459
2026-08-01	2607.28460
2026-08-01	2607.28463
2026-08-01	2607.28464
2026-08-01	2607.28488
2026-08-01	2607.28497
2026-08-01	2607.28503
2026-08-01	2607.28509
2026-08-01	2607.28516
2026-08-01	2607.28525
2026-08-01	2607.28527
2026-08-01	2607.28532
2026-08-01	2607.28537
2026-08-01	2607.28568
2026-08-01	2607.28576
2026-08-01	2607.28580
2026-08-01	2607.28591
2026-08-01	2607.28623
2026-08-02	2607.28073
2026-08-02	2607.28074
2026-08-02	2607.28086
2026-08-02	2607.28119
2026-08-02	2607.28129
2026-08-02	2607.28154
2026-08-02	2607.28187
2026-08-02	2607.28225
2026-08-02	2607.28247
2026-08-02	2607.28248
2026-08-02	2607.28257
2026-08-02	2607.28330
2026-08-02	2607.28367
2026-08-02	2607.28405
2026-08-02	2607.28408
2026-08-02	2607.28418
2026-08-02	2607.28422
2026-08-02	2607.28430
2026-08-02	2607.28432
2026-08-02	2607.28434
2026-08-02	2607.28439
2026-08-02	2607.28457
2026-08-02	2607.28478
2026-08-02	2607.28481
2026-08-02	2607.28526
2026-08-02	2607.28581
2026-08-02	2607.28589
2026-08-03	2607.29010
2026-08-03	2607.29019
2026-08-03	2607.29071
2026-08-03	2607.29100
2026-08-03	2607.29122
2026-08-03	2607.29181
2026-08-03	2607.29188
2026-08-03	2607.29196
2026-08-03	2607.29198
2026-08-03	2607.29221
2026-08-03	2607.29222
2026-08-03	2607.29240
2026-08-03	2607.29241
2026-08-03	2607.29274
2026-08-03	2607.29287
2026-08-03	2607.29303
2026-08-03	2607.29337
2026-08-03	2607.29353
2026-08-03	2607.29394
2026-08-03	2607.29398
2026-08-03	2607.29402
2026-08-03	2607.29405
2026-08-03	2607.29412
2026-08-03	2607.29431
2026-08-03	2607.29440
2026-08-03	2607.29465
2026-08-03	2607.29484
2026-08-03	2607.29516
2026-08-03	2607.29527
2026-08-03	2607.29539
2026-08-03	2607.29541
2026-08-03	2607.29545
2026-08-03	2607.29553
2026-08-03	2607.29575
2026-08-03	2607.29581
2026-08-03	2607.29585
2026-08-03	2607.29595
2026-08-03	2607.29596
2026-08-03	2607.29602
2026-08-03	2607.29606
2026-08-03	2607.29617
2026-08-03	2607.29626
2026-08-03	2607.29627
2026-08-03	2607.29633
2026-08-03	2607.29637
2026-08-03	2607.29659
2026-08-03	2607.29665
2026-08-03	2607.29674
2026-08-03	2607.29675
2026-08-03	2607.29677
2026-08-03	2607.29678
2026-08-03	2607.29679
2026-08-04	2608.02122
2026-08-04	2608.02124
2026-08-04	2608.02134
2026-08-04	2608.02138
2026-08-04	2608.02148
2026-08-04	2608.02163
2026-08-04	2608.02208
2026-08-04	2608.02252
2026-08-04	2608.02289
2026-08-04	2608.02295
2026-08-04	2608.02321
2026-08-04	2608.02343
2026-08-04	2608.02352
2026-08-04	2608.02359
2026-08-04	2608.02361
2026-08-04	2608.02375
2026-08-04	2608.02376
2026-08-04	2608.02386
2026-08-04	2608.02397
2026-08-04	2608.02412
2026-08-04	2608.02414
2026-08-04	2608.02428
2026-08-04	2608.02432
2026-08-04	2608.02437
2026-08-04	2608.02449
2026-08-04	2608.02457
2026-08-04	2608.02464
2026-08-04	2608.02470
2026-08-04	2608.02471
2026-08-04	2608.02474
2026-08-04	2608.02477
2026-08-04	2608.02487
2026-08-04	2608.02500
2026-08-04	2608.02502
2026-08-04	2608.02504
2026-08-04	2608.02505
2026-08-04	2608.02515
2026-08-04	2608.02528
2026-08-04	2608.02533
2026-08-04	2608.02548
2026-08-04	2608.02551
2026-08-04	2608.02556
2026-08-04	2608.02558
2026-08-04	2608.02560
2026-08-04	2608.02569
2026-08-04	2608.02575
2026-08-04	2608.02578
2026-08-04	2608.02583
2026-08-04	2608.02585
2026-08-04	2608.02588
2026-08-04	2608.02589
2026-08-04	2608.02602
2026-08-04	2608.02603
2026-08-05	2608.03507
2026-08-05	2608.03508
2026-08-05	2608.03539
2026-08-05	2608.03588
2026-08-05	2608.03647
2026-08-05	2608.03660
2026-08-05	2608.03676
2026-08-05	2608.03681
2026-08-05	2608.03690
2026-08-05	2608.03692
2026-08-05	2608.03695
2026-08-05	2608.03705
2026-08-05	2608.03708
2026-08-05	2608.03709
2026-08-05	2608.03740
2026-08-05	2608.03741
2026-08-05	2608.03744
2026-08-05	2608.03756
2026-08-05	2608.03769
2026-08-05	2608.03778
2026-08-05	2608.03803
2026-08-05	2608.03810
2026-08-05	2608.03812
2026-08-05	2608.03817
2026-08-05	2608.03822
2026-08-05	2608.03826
2026-08-05	2608.03836
2026-08-05	2608.03852
2026-08-05	2608.03859
2026-08-05	2608.03882
2026-08-05	2608.03884
2026-08-05	2608.03885
2026-08-05	2608.03890
2026-08-05	2608.03899
2026-08-05	2608.03902
2026-08-05	2608.03911
2026-08-05	2608.03912
2026-08-05	2608.03927
2026-08-05	2608.03929
2026-08-05	2608.03948
2026-08-05	2608.03952
2026-08-05	2608.03958
2026-08-05	2608.03967
2026-08-05	2608.03971
2026-08-05	2608.03974
2026-08-05	2608.03979
2026-08-05	2608.03983
2026-08-05	2608.03990
2026-08-05	2608.03999
2026-08-05	2608.04001
2026-08-05	2608.04003
2026-08-05	2608.04008
2026-08-05	2608.04009
2026-08-06	2608.04576
2026-08-06	2608.04586
2026-08-06	2608.04587
2026-08-06	2608.04655
2026-08-06	2608.04667
2026-08-06	2608.04673
2026-08-06	2608.04703
2026-08-06	2608.04709
2026-08-06	2608.04719
2026-08-06	2608.04750
2026-08-06	2608.04756
2026-08-06	2608.04786
2026-08-06	2608.04807
2026-08-06	2608.04818
2026-08-06	2608.04820
2026-08-06	2608.04827
2026-08-06	2608.04866
2026-08-06	2608.04885
2026-08-06	2608.04887
2026-08-06	2608.04904
2026-08-06	2608.04939
2026-08-06	2608.04945
2026-08-06	2608.04949
2026-08-06	2608.04956
2026-08-06	2608.04964
2026-08-06	2608.04974
2026-08-06	2608.04975
2026-08-06	2608.04999
2026-08-06	2608.05000
2026-08-06	2608.05064
2026-08-06	2608.05070
2026-08-06	2608.05075
2026-08-06	2608.05084
2026-08-06	2608.05085
2026-08-06	2608.05101
2026-08-06	2608.05111
2026-08-06	2608.05112
2026-08-06	2608.05120
2026-08-06	2608.05122
2026-08-06	2608.05126
2026-08-06	2608.05127
2026-08-06	2608.05132
2026-08-06	2608.05136
2026-08-06	2608.05137
2026-08-06	2608.05138
2026-08-06	2608.05139
2026-08-06	2608.05141
2026-08-06	2608.05144
2026-08-06	2608.05145
2026-08-06	2608.05148
2026-08-06	2608.05149
2026-08-07	2608.05811
2026-08-07	2608.05825
2026-08-07	2608.05863
2026-08-07	2608.05864
2026-08-07	2608.05893
2026-08-07	2608.05911
2026-08-07	2608.05945
2026-08-07	2608.05948
2026-08-07	2608.05956
2026-08-07	2608.05976
2026-08-07	2608.05982
2026-08-07	2608.05993
2026-08-07	2608.06007
2026-08-07	2608.06009
2026-08-07	2608.06025
2026-08-07	2608.06027
2026-08-07	2608.06057
2026-08-07	2608.06059
2026-08-07	2608.06068
2026-08-07	2608.06091
2026-08-07	2608.06102
2026-08-07	2608.06111
2026-08-07	2608.06125
2026-08-07	2608.06130
2026-08-07	2608.06140
2026-08-07	2608.06141
2026-08-07	2608.06146
2026-08-07	2608.06154
2026-08-07	2608.06165
2026-08-07	2608.06170
2026-08-07	2608.06188
2026-08-07	2608.06192
2026-08-07	2608.06213
2026-08-07	2608.06231
2026-08-07	2608.06240
2026-08-07	2608.06250
2026-08-07	2608.06252
2026-08-07	2608.06253
2026-08-07	2608.06257
2026-08-07	2608.06270
2026-08-07	2608.06275
2026-08-07	2608.06292
2026-08-07	2608.06296
2026-08-07	2608.06305
2026-08-07	2608.06312
2026-08-07	2608.06331
2026-08-07	2608.06337
2026-08-07	2608.06340
2026-08-07	2608.06361
2026-08-07	2608.06362
2026-08-07	2608.06363
2026-08-07	2608.06377
2026-08-07	2608.05816
2026-08-07	2608.05817
2026-08-07	2608.05833
2026-08-07	2608.05834
2026-08-07	2608.05850
2026-08-07	2608.05855
2026-08-07	2608.05857
2026-08-07	2608.05867
2026-08-07	2608.05879
2026-08-07	2608.05886
2026-08-07	2608.05891
2026-08-07	2608.05892
2026-08-07	2608.05896
2026-08-07	2608.05926
2026-08-07	2608.05944
2026-08-07	2608.05960
2026-08-07	2608.05967
2026-08-07	2608.05970
2026-08-07	2608.05983
2026-08-07	2608.06046
2026-08-07	2608.06060
2026-08-07	2608.06075
2026-08-07	2608.06135
2026-08-07	2608.06150
2026-08-07	2608.06151
2026-08-07	2608.06167
2026-08-07	2608.06179
2026-08-07	2608.06183
2026-08-07	2608.06184
2026-08-07	2608.06197
2026-08-07	2608.06202
2026-08-07	2608.06227
2026-08-07	2608.06243
2026-08-07	2608.06288
2026-08-07	2608.06291
2026-08-07	2608.06294
2026-08-07	2608.06300
2026-08-07	2608.06310
2026-08-07	2608.06311
2026-08-07	2608.06347
2026-08-07	2608.06352
2026-08-08	2608.05823
2026-08-08	2608.05832
2026-08-08	2608.05859
2026-08-08	2608.05872
2026-08-08	2608.05877
2026-08-08	2608.05910
2026-08-08	2608.05920
2026-08-08	2608.05949
2026-08-08	2608.05980
2026-08-08	2608.06012
2026-08-08	2608.06023
2026-08-08	2608.06041
2026-08-08	2608.06069
2026-08-08	2608.06085
2026-08-08	2608.06105
2026-08-08	2608.06108
2026-08-08	2608.06115
2026-08-08	2608.06123
2026-08-08	2608.06128
2026-08-08	2608.06236
2026-08-08	2608.06262
2026-08-08	2608.06264
2026-08-08	2608.06276
2026-08-08	2608.06283
2026-08-08	2608.06307
2026-08-08	2608.06366
2026-08-08	2608.06370
2026-08-09	2608.05813
2026-08-09	2608.05848
2026-08-09	2608.05889
2026-08-09	2608.05987
2026-08-09	2608.06015
2026-08-09	2608.06020
2026-08-09	2608.06022
2026-08-09	2608.06031
2026-08-09	2608.06065
2026-08-09	2608.06174
2026-08-09	2608.06177
2026-08-09	2608.06205
2026-08-09	2608.06211
2026-08-09	2608.06221
2026-08-09	2608.06241
2026-08-09	2608.06246
2026-08-09	2608.06259
2026-08-09	2608.06301
2026-08-09	2608.06329
2026-08-11	2608.09385
2026-08-11	2608.09393
2026-08-11	2608.09424
2026-08-11	2608.09435
2026-08-11	2608.09438
2026-08-11	2608.09440
2026-08-11	2608.09443
2026-08-11	2608.09444
2026-08-11	2608.09445
2026-08-11	2608.09449
2026-08-11	2608.09493
2026-08-11	2608.09500
2026-08-11	2608.09507
2026-08-11	2608.09529
2026-08-11	2608.09565
2026-08-11	2608.09574
2026-08-11	2608.09575
2026-08-11	2608.09580
2026-08-11	2608.09588
2026-08-11	2608.09591
2026-08-11	2608.09594
2026-08-11	2608.09629
2026-08-11	2608.09636
2026-08-11	2608.09637
2026-08-11	2608.09638
2026-08-11	2608.09650
2026-08-11	2608.09654
2026-08-11	2608.09682
2026-08-11	2608.09685
2026-08-11	2608.09687
2026-08-11	2608.09696
2026-08-11	2608.09698
2026-08-11	2608.09707
2026-08-11	2608.09713
2026-08-11	2608.09723
2026-08-11	2608.09748
2026-08-11	2608.09765
2026-08-11	2608.09766
2026-08-11	2608.09774
2026-08-11	2608.09779
2026-08-11	2608.09790
2026-08-11	2608.09818
2026-08-11	2608.09830
2026-08-11	2608.09836
2026-08-11	2608.09853
2026-08-11	2608.09861
2026-08-11	2608.09867
2026-08-11	2608.09873
2026-08-11	2608.09876
2026-08-11	2608.09885
2026-08-11	2608.09908
2026-08-11	2608.09921
2026-08-11	2608.09926
2026-08-11	2608.09930
2026-08-11	2608.09931
2026-08-12	2608.10669
2026-08-12	2608.10676
2026-08-12	2608.10679
2026-08-12	2608.10684
2026-08-12	2608.10689
2026-08-12	2608.10741
2026-08-12	2608.10744
2026-08-12	2608.10777
2026-08-12	2608.10796
2026-08-12	2608.10812
2026-08-12	2608.10835
2026-08-12	2608.10836
2026-08-12	2608.10860
2026-08-12	2608.10864
2026-08-12	2608.10869
2026-08-12	2608.10916
2026-08-12	2608.10933
2026-08-12	2608.10941
2026-08-12	2608.10956
2026-08-12	2608.10969
2026-08-12	2608.10983
2026-08-12	2608.10985
2026-08-12	2608.10995
2026-08-12	2608.10996
2026-08-12	2608.11002
2026-08-12	2608.11015
2026-08-12	2608.11019
2026-08-12	2608.11024
2026-08-12	2608.11025
2026-08-12	2608.11027
2026-08-12	2608.11030
2026-08-12	2608.11033
2026-08-12	2608.11034
2026-08-12	2608.11047
2026-08-12	2608.11061
2026-08-12	2608.11071
2026-08-12	2608.11079
2026-08-12	2608.11096
2026-08-12	2608.11110
2026-08-12	2608.11138
2026-08-12	2608.11146
2026-08-12	2608.11149
2026-08-12	2608.11162
2026-08-12	2608.11164
2026-08-12	2608.11167
2026-08-12	2608.11171
2026-08-12	2608.11190
2026-08-12	2608.11191
2026-08-12	2608.11203
2026-08-12	2608.11204
2026-08-12	2608.11205
2026-08-14	2608.12990
2026-08-14	2608.12997
2026-08-14	2608.13004
2026-08-14	2608.13010
2026-08-14	2608.13028
2026-08-14	2608.13043
2026-08-14	2608.13047
2026-08-14	2608.13050
2026-08-14	2608.13057
2026-08-14	2608.13064
2026-08-14	2608.13076
2026-08-14	2608.13079
2026-08-14	2608.13092
2026-08-14	2608.13101
2026-08-14	2608.13112
2026-08-14	2608.13113
2026-08-14	2608.13144
2026-08-14	2608.13147
2026-08-14	2608.13160
2026-08-14	2608.13167
2026-08-14	2608.13179
2026-08-14	2608.13200
2026-08-14	2608.13239
2026-08-14	2608.13255
2026-08-14	2608.13263
2026-08-14	2608.13283
2026-08-14	2608.13309
2026-08-14	2608.13329
2026-08-14	2608.13334
2026-08-14	2608.13335
2026-08-14	2608.13341
2026-08-14	2608.13357
2026-08-14	2608.13384
2026-08-14	2608.13385
2026-08-14	2608.13389
2026-08-14	2608.13391
2026-08-14	2608.13410
2026-08-14	2608.13417
2026-08-14	2608.13418
2026-08-14	2608.13430
2026-08-14	2608.13433
2026-08-14	2608.13434
2026-08-14	2608.13441
2026-08-14	2608.13453
2026-08-14	2608.13455
2026-08-14	2608.13457
2026-08-14	2608.13478
2026-08-14	2608.13484
2026-08-14	2608.13489
2026-08-14	2608.13499
2026-08-14	2608.13506
2026-08-14	2608.13520
2026-08-14	2608.13521
2026-08-14	2608.13535
2026-08-14	2608.13538
2026-08-14	2608.13546
2026-08-14	2608.13552
2026-08-14	2608.13560
2026-08-15	2608.12987
2026-08-15	2608.13006
2026-08-15	2608.13007
2026-08-15	2608.13014
2026-08-15	2608.13087
2026-08-15	2608.13100
2026-08-15	2608.13102
2026-08-15	2608.13107
2026-08-15	2608.13183
2026-08-15	2608.13205
2026-08-15	2608.13212
2026-08-15	2608.13226
2026-08-15	2608.13237
2026-08-15	2608.13244
2026-08-15	2608.13267
2026-08-15	2608.13317
2026-08-15	2608.13331
2026-08-15	2608.13344
2026-08-15	2608.13345
2026-08-15	2608.13368
2026-08-15	2608.13394
2026-08-15	2608.13415
2026-08-15	2608.13416
2026-08-15	2608.13460
2026-08-15	2608.13476
2026-08-15	2608.13482
2026-08-15	2608.13492
2026-08-15	2608.13495
2026-08-15	2608.13505
2026-08-15	2608.13515
2026-08-15	2608.13517
2026-08-15	2608.13522
2026-08-15	2608.13524
2026-08-15	2608.13541
2026-08-15	2608.13545
2026-08-15	2608.13547
2026-08-15	2608.13554
2026-08-15	2608.13556
2026-08-15	2608.13558
2026-08-16	2608.13023
2026-08-16	2608.13031
2026-08-16	2608.13037
2026-08-16	2608.13045
2026-08-16	2608.13049
2026-08-16	2608.13108
2026-08-16	2608.13119
2026-08-16	2608.13122
2026-08-16	2608.13159
2026-08-16	2608.13173
2026-08-16	2608.13186
2026-08-16	2608.13210
2026-08-16	2608.13221
2026-08-16	2608.13228
2026-08-16	2608.13305
2026-08-16	2608.13328
2026-08-16	2608.13387
2026-08-16	2608.13420
2026-08-16	2608.13450
2026-08-16	2608.13459
2026-08-16	2608.13472
2026-08-16	2608.13502
2026-08-16	2608.13513
2026-08-16	2608.13514
2026-08-16	2608.13555
2026-08-17	2608.13980
2026-08-17	2608.14011
2026-08-17	2608.14021
2026-08-17	2608.14022
2026-08-17	2608.14028
2026-08-17	2608.14029
2026-08-17	2608.14032
2026-08-17	2608.14038
2026-08-17	2608.14043
2026-08-17	2608.14055
2026-08-17	2608.14067
2026-08-17	2608.14070
2026-08-17	2608.14076
2026-08-17	2608.14085
2026-08-17	2608.14104
2026-08-17	2608.14107
2026-08-17	2608.14126
2026-08-17	2608.14130
2026-08-17	2608.14135
2026-08-17	2608.14138
2026-08-17	2608.14144
2026-08-17	2608.14149
2026-08-17	2608.14172
2026-08-17	2608.14177
2026-08-17	2608.14191
2026-08-17	2608.14198
2026-08-17	2608.14205
2026-08-17	2608.14210
2026-08-17	2608.14221
2026-08-17	2608.14290
2026-08-17	2608.14306
2026-08-17	2608.14309
2026-08-17	2608.14312
2026-08-17	2608.14321
2026-08-17	2608.14330
2026-08-17	2608.14354
2026-08-17	2608.14355
2026-08-17	2608.14359
2026-08-17	2608.14372
2026-08-17	2608.14379
2026-08-17	2608.14391
2026-08-17	2608.14392
2026-08-17	2608.14399
2026-08-17	2608.14403
2026-08-17	2608.14405
2026-08-17	2608.14427
2026-08-17	2608.14428
2026-08-17	2608.14430
2026-08-17	2608.14457
2026-08-17	2608.14465
2026-08-17	2608.14466
2026-08-17	2608.14496
2026-08-17	2608.14498
2026-08-17	2608.14530
2026-08-17	2608.14543
2026-08-18	2608.16336
2026-08-18	2608.16354
2026-08-18	2608.16357
2026-08-18	2608.16386
2026-08-18	2608.16387
2026-08-18	2608.16419
2026-08-18	2608.16477
2026-08-18	2608.16484
2026-08-18	2608.16503
2026-08-18	2608.16504
2026-08-18	2608.16513
2026-08-18	2608.16514
2026-08-18	2608.16554
2026-08-18	2608.16578
2026-08-18	2608.16585
2026-08-18	2608.16594
2026-08-18	2608.16614
2026-08-18	2608.16621
2026-08-18	2608.16627
2026-08-18	2608.16628
2026-08-18	2608.16643
2026-08-18	2608.16650
2026-08-18	2608.16663
2026-08-18	2608.16686
2026-08-18	2608.16690
2026-08-18	2608.16697
2026-08-18	2608.16707
2026-08-18	2608.16709
2026-08-18	2608.16717
2026-08-18	2608.16718
2026-08-18	2608.16721
2026-08-18	2608.16733
2026-08-18	2608.16745
2026-08-18	2608.16747
2026-08-18	2608.16760
2026-08-18	2608.16763
2026-08-18	2608.16765
2026-08-18	2608.16776
2026-08-18	2608.16786
2026-08-18	2608.16793
2026-08-18	2608.16794
2026-08-18	2608.16795
2026-08-18	2608.16797
2026-08-18	2608.16810
2026-08-18	2608.16812
2026-08-18	2608.16813
2026-08-18	2608.16824
2026-08-18	2608.16828
2026-08-18	2608.16829
2026-08-18	2608.16837
2026-08-18	2608.16854
2026-08-18	2608.16870
2026-08-18	2608.16872
2026-08-18	2608.16876
2026-08-18	2608.16887
2026-08-18	2608.16888
2026-08-19	2608.17490
2026-08-19	2608.17514
2026-08-19	2608.17530
2026-08-19	2608.17536
2026-08-19	2608.17559
2026-08-19	2608.17564
2026-08-19	2608.17566
2026-08-19	2608.17583
2026-08-19	2608.17587
2026-08-19	2608.17588
2026-08-19	2608.17590
2026-08-19	2608.17613
2026-08-19	2608.17616
2026-08-19	2608.17625
2026-08-19	2608.17632
2026-08-19	2608.17682
2026-08-19	2608.17695
2026-08-19	2608.17703
2026-08-19	2608.17707
2026-08-19	2608.17723
2026-08-19	2608.17741
2026-08-19	2608.17744
2026-08-19	2608.17747
2026-08-19	2608.17787
2026-08-19	2608.17796
2026-08-19	2608.17809
2026-08-19	2608.17823
2026-08-19	2608.17829
2026-08-19	2608.17832
2026-08-19	2608.17834
2026-08-19	2608.17841
2026-08-19	2608.17849
2026-08-19	2608.17852
2026-08-19	2608.17884
2026-08-19	2608.17889
2026-08-19	2608.17926
2026-08-19	2608.17928
2026-08-19	2608.17931
2026-08-19	2608.17950
2026-08-19	2608.17966
2026-08-19	2608.17973
2026-08-19	2608.17987
2026-08-19	2608.17995
2026-08-19	2608.17998
2026-08-19	2608.18004
2026-08-19	2608.18009
2026-08-19	2608.18011
2026-08-19	2608.18029
2026-08-19	2608.18033
2026-08-19	2608.18040
2026-08-19	2608.18050
2026-08-19	2608.18058
2026-08-19	2608.18062
2026-08-19	2608.18076
2026-08-20	2608.18607
2026-08-20	2608.18610
2026-08-20	2608.18613
2026-08-20	2608.18628
2026-08-20	2608.18634
2026-08-20	2608.18661
2026-08-20	2608.18679
2026-08-20	2608.18681
2026-08-20	2608.18710
2026-08-20	2608.18714
2026-08-20	2608.18752
2026-08-20	2608.18764
2026-08-20	2608.18767
2026-08-20	2608.18768
2026-08-20	2608.18779
2026-08-20	2608.18832
2026-08-20	2608.18855
2026-08-20	2608.18918
2026-08-20	2608.18931
2026-08-20	2608.18932
2026-08-20	2608.18933
2026-08-20	2608.18952
2026-08-20	2608.18992
2026-08-20	2608.18993
2026-08-20	2608.18996
2026-08-20	2608.19000
2026-08-20	2608.19021
2026-08-20	2608.19026
2026-08-20	2608.19036
2026-08-20	2608.19047
2026-08-20	2608.19055
2026-08-20	2608.19066
2026-08-20	2608.19067
2026-08-20	2608.19072
2026-08-20	2608.19075
2026-08-20	2608.19080
2026-08-20	2608.19083
2026-08-20	2608.19085
2026-08-20	2608.19115
2026-08-20	2608.19119
2026-08-20	2608.19127
2026-08-20	2608.19128
2026-08-20	2608.19133
2026-08-20	2608.19147
2026-08-20	2608.19167
2026-08-20	2608.19168
2026-08-20	2608.19181
2026-08-20	2608.19182
2026-08-20	2608.19184
2026-08-20	2608.19197
2026-08-21	2608.19719
2026-08-21	2608.19723
2026-08-21	2608.19738
2026-08-21	2608.19751
2026-08-21	2608.19822
2026-08-21	2608.19838
2026-08-21	2608.19842
2026-08-21	2608.19857
2026-08-21	2608.19860
2026-08-21	2608.19880
2026-08-21	2608.19889
2026-08-21	2608.19914
2026-08-21	2608.19935
2026-08-21	2608.19953
2026-08-21	2608.19957
2026-08-21	2608.19964
2026-08-21	2608.19971
2026-08-21	2608.19981
2026-08-21	2608.19998
2026-08-21	2608.20011
2026-08-21	2608.20019
2026-08-21	2608.20047
2026-08-21	2608.20052
2026-08-21	2608.20055
2026-08-21	2608.20083
2026-08-21	2608.20084
2026-08-21	2608.20097
2026-08-21	2608.20122
2026-08-21	2608.20123
2026-08-21	2608.20153
2026-08-21	2608.20161
2026-08-21	2608.20181
2026-08-21	2608.20186
2026-08-21	2608.20195
2026-08-21	2608.20204
2026-08-21	2608.20237
2026-08-21	2608.20246
2026-08-21	2608.20256
2026-08-21	2608.20281
2026-08-21	2608.20283
2026-08-21	2608.20305
2026-08-21	2608.20308
2026-08-21	2608.20312
2026-08-21	2608.20317
2026-08-21	2608.20318
2026-08-21	2608.20331
2026-08-21	2608.20334
2026-08-21	2608.20335
2026-08-21	2608.20336
2026-08-22	2608.19701
2026-08-22	2608.19726
2026-08-22	2608.19729
2026-08-22	2608.19739
2026-08-22	2608.19746
2026-08-22	2608.19788
2026-08-22	2608.19800
2026-08-22	2608.19803
2026-08-22	2608.19807
2026-08-22	2608.19812
2026-08-22	2608.19825
2026-08-22	2608.19833
2026-08-22	2608.19843
2026-08-22	2608.19854
2026-08-22	2608.19891
2026-08-22	2608.19906
2026-08-22	2608.19908
2026-08-22	2608.19936
2026-08-22	2608.19942
2026-08-22	2608.19966
2026-08-22	2608.20005
2026-08-22	2608.20069
2026-08-22	2608.20107
2026-08-22	2608.20127
2026-08-22	2608.20141
2026-08-22	2608.20229
2026-08-22	2608.20280
2026-08-22	2608.20290
2026-08-22	2608.20316
2026-08-22	2608.20319
2026-08-22	2608.20326
2026-08-22	2608.20338
2026-08-23	2608.19689
2026-08-23	2608.19710
2026-08-23	2608.19735
2026-08-23	2608.19737
2026-08-23	2608.19758
2026-08-23	2608.19760
2026-08-23	2608.19766
2026-08-23	2608.19769
2026-08-23	2608.19776
2026-08-23	2608.19802
2026-08-23	2608.19871
2026-08-23	2608.19900
2026-08-23	2608.19993
2026-08-23	2608.20009
2026-08-23	2608.20026
2026-08-23	2608.20061
2026-08-23	2608.20106
2026-08-23	2608.20116
2026-08-23	2608.20169
2026-08-23	2608.20183
2026-08-23	2608.20187
2026-08-23	2608.20201
2026-08-23	2608.20210
2026-08-23	2608.20220
2026-08-23	2608.20231
2026-08-23	2608.20240
2026-08-23	2608.20320
2026-08-23	2608.20322
2026-08-23	2608.20337
2026-08-24	2608.20791
2026-08-24	2608.20804
2026-08-24	2608.20810
2026-08-24	2608.20814
2026-08-24	2608.20818
2026-08-24	2608.20825
2026-08-24	2608.20844
2026-08-24	2608.20845
2026-08-24	2608.20874
2026-08-24	2608.20886
2026-08-24	2608.20906
2026-08-24	2608.20910
2026-08-24	2608.20929
2026-08-24	2608.20932
2026-08-24	2608.20969
2026-08-24	2608.21008
2026-08-24	2608.21023
2026-08-24	2608.21024
2026-08-24	2608.21030
2026-08-24	2608.21034
2026-08-24	2608.21055
2026-08-24	2608.21095
2026-08-24	2608.21100
2026-08-24	2608.21101
2026-08-24	2608.21107
2026-08-24	2608.21137
2026-08-24	2608.21150
2026-08-24	2608.21163
2026-08-24	2608.21172
2026-08-24	2608.21186
2026-08-24	2608.21194
2026-08-24	2608.21204
2026-08-24	2608.21206
2026-08-24	2608.21229
2026-08-24	2608.21230
2026-08-24	2608.21236
2026-08-24	2608.21242
2026-08-24	2608.21243
2026-08-24	2608.21249
2026-08-24	2608.21252
2026-08-24	2608.21274
2026-08-24	2608.21286
2026-08-24	2608.21290
2026-08-24	2608.21292
2026-08-24	2608.21308
2026-08-24	2608.21325
2026-08-24	2608.21349
2026-08-24	2608.21356
2026-08-24	2608.21357
2026-08-24	2608.21360
2026-08-25	2608.23026
2026-08-25	2608.23031
2026-08-25	2608.23044
2026-08-25	2608.23048
2026-08-25	2608.23061
2026-08-25	2608.23070
2026-08-25	2608.23074
2026-08-25	2608.23090
2026-08-25	2608.23124
2026-08-25	2608.23131
2026-08-25	2608.23140
2026-08-25	2608.23152
2026-08-25	2608.23179
2026-08-25	2608.23182
2026-08-25	2608.23189
2026-08-25	2608.23196
2026-08-25	2608.23215
2026-08-25	2608.23217
2026-08-25	2608.23228
2026-08-25	2608.23235
2026-08-25	2608.23238
2026-08-25	2608.23244
2026-08-25	2608.23252
2026-08-25	2608.23263
2026-08-25	2608.23265
2026-08-25	2608.23268
2026-08-25	2608.23279
2026-08-25	2608.23283
2026-08-25	2608.23286
2026-08-25	2608.23302
2026-08-25	2608.23313
2026-08-25	2608.23322
2026-08-25	2608.23329
2026-08-25	2608.23330
2026-08-25	2608.23338
2026-08-25	2608.23343
2026-08-25	2608.23353
2026-08-25	2608.23365
2026-08-25	2608.23373
2026-08-25	2608.23382
2026-08-25	2608.23383
2026-08-25	2608.23400
2026-08-25	2608.23419
2026-08-25	2608.23429
2026-08-25	2608.23435
2026-08-25	2608.23463
2026-08-25	2608.23471
2026-08-25	2608.23474
2026-08-25	2608.23478
2026-08-25	2608.23518
2026-08-25	2608.23531
2026-08-25	2608.23538
2026-08-25	2608.23549
2026-08-25	2608.23551
2026-08-25	2608.23554
2026-08-25	2608.23563
2026-08-25	2608.23565
2026-08-26	2608.24231
2026-08-26	2608.24237
2026-08-26	2608.24293
2026-08-26	2608.24310
2026-08-26	2608.24325
2026-08-26	2608.24342
2026-08-26	2608.24354
2026-08-26	2608.24363
2026-08-26	2608.24372
2026-08-26	2608.24422
2026-08-26	2608.24439
2026-08-26	2608.24473
2026-08-26	2608.24534
2026-08-26	2608.24563
2026-08-26	2608.24574
2026-08-26	2608.24585
2026-08-26	2608.24622
2026-08-26	2608.24626
2026-08-26	2608.24640
2026-08-26	2608.24646
2026-08-26	2608.24650
2026-08-26	2608.24667
2026-08-26	2608.24671
2026-08-26	2608.24674
2026-08-26	2608.24680
2026-08-26	2608.24688
2026-08-26	2608.24698
2026-08-26	2608.24707
2026-08-26	2608.24731
2026-08-26	2608.24742
2026-08-26	2608.24743
2026-08-26	2608.24753
2026-08-26	2608.24763
2026-08-26	2608.24764
2026-08-26	2608.24777
2026-08-26	2608.24780
2026-08-26	2608.24787
2026-08-26	2608.24790
2026-08-26	2608.24793
2026-08-26	2608.24794
2026-08-26	2608.24809
2026-08-26	2608.24814
2026-08-26	2608.24823
2026-08-26	2608.24824
2026-08-26	2608.24841
2026-08-26	2608.24842
2026-08-26	2608.24845
2026-08-26	2608.24846
2026-08-26	2608.24848
2026-08-26	2608.24855
2026-08-26	2608.24859
2026-08-26	2608.24877
2026-08-26	2608.24881
2026-08-26	2608.24885
2026-08-27	2608.25592
2026-08-27	2608.25593
2026-08-27	2608.25609
2026-08-27	2608.25622
2026-08-27	2608.25635
2026-08-27	2608.25693
2026-08-27	2608.25735
2026-08-27	2608.25755
2026-08-27	2608.25757
2026-08-27	2608.25780
2026-08-27	2608.25794
2026-08-27	2608.25818
2026-08-27	2608.25826
2026-08-27	2608.25832
2026-08-27	2608.25841
2026-08-27	2608.25845
2026-08-27	2608.25851
2026-08-27	2608.25858
2026-08-27	2608.25862
2026-08-27	2608.25869
2026-08-27	2608.25871
2026-08-27	2608.25873
2026-08-27	2608.25890
2026-08-27	2608.25917
2026-08-27	2608.25926
2026-08-27	2608.25927
2026-08-27	2608.25933
2026-08-27	2608.25941
2026-08-27	2608.25944
2026-08-27	2608.25955
2026-08-27	2608.25960
2026-08-27	2608.25976
2026-08-27	2608.25981
2026-08-27	2608.25990
2026-08-27	2608.25998
2026-08-27	2608.25999
2026-08-27	2608.26005
2026-08-27	2608.26008
2026-08-27	2608.26013
2026-08-27	2608.26021
2026-08-27	2608.26035
2026-08-27	2608.26040
2026-08-27	2608.26053
2026-08-27	2608.26081
2026-08-27	2608.26083
2026-08-27	2608.26086
2026-08-27	2608.26088
2026-08-27	2608.26091
2026-08-27	2608.26093
2026-08-27	2608.26094
2026-08-27	2608.26095
2026-08-27	2608.26101
2026-08-27	2608.26105
2026-08-29	2608.26872
2026-08-29	2608.26879
2026-08-29	2608.26882
2026-08-29	2608.26961
2026-08-29	2608.26971
2026-08-29	2608.26991
2026-08-29	2608.27017
2026-08-29	2608.27032
2026-08-29	2608.27039
2026-08-29	2608.27044
2026-08-29	2608.27051
2026-08-29	2608.27065
2026-08-29	2608.27073
2026-08-29	2608.27077
2026-08-29	2608.27080
2026-08-29	2608.27091
2026-08-29	2608.27099
2026-08-29	2608.27108
2026-08-29	2608.27123
2026-08-29	2608.27141
2026-08-29	2608.27146
2026-08-29	2608.27154
2026-08-29	2608.27161
2026-08-29	2608.27169
2026-08-29	2608.27176
2026-08-29	2608.27206
2026-08-29	2608.27225
2026-08-29	2608.27233
2026-08-29	2608.27254
2026-08-29	2608.27256
2026-08-29	2608.27278
2026-08-29	2608.27280
2026-08-29	2608.27286
2026-08-29	2608.27287
2026-08-29	2608.27291
2026-08-29	2608.27328
2026-08-29	2608.27336
2026-08-29	2608.27345
2026-08-29	2608.27360
2026-08-29	2608.27380
2026-08-29	2608.27382
2026-08-29	2608.27394
2026-08-29	2608.27395
2026-08-29	2608.27397
2026-08-29	2608.27402
2026-08-29	2608.27406
2026-08-29	2608.27407
2026-08-29	2608.27409
2026-08-29	2608.27417
2026-08-29	2608.27420
2026-08-29	2608.27422
2026-08-29	2608.27428
2026-08-29	2608.27442
2026-08-29	2608.27448
2026-08-29	2608.26895
2026-08-29	2608.26899
2026-08-29	2608.26902
2026-08-29	2608.26925
2026-08-29	2608.26941
2026-08-29	2608.26949
2026-08-29	2608.26956
2026-08-29	2608.26962
2026-08-29	2608.26970
2026-08-29	2608.26993
2026-08-29	2608.27004
2026-08-29	2608.27005
2026-08-29	2608.27006
2026-08-29	2608.27026
2026-08-29	2608.27046
2026-08-29	2608.27110
2026-08-29	2608.27115
2026-08-29	2608.27127
2026-08-29	2608.27135
2026-08-29	2608.27162
2026-08-29	2608.27167
2026-08-29	2608.27168
2026-08-29	2608.27181
2026-08-29	2608.27199
2026-08-29	2608.27260
2026-08-29	2608.27268
2026-08-29	2608.27309
2026-08-29	2608.27313
2026-08-29	2608.27339
2026-08-29	2608.27340
2026-08-29	2608.27351
2026-08-29	2608.27358
2026-08-29	2608.27365
2026-08-29	2608.27367
2026-08-29	2608.27370
2026-08-29	2608.27372
2026-08-29	2608.27413
2026-08-29	2608.27429
2026-08-29	2608.27439
2026-08-29	2608.27454
2026-08-29	2608.27456
2026-08-29	2608.27102
2026-08-29	2608.27113
2026-08-30	2608.27034
2026-08-31	2608.26998
2026-08-31	2608.27124
2026-09-06	2609.04090
